USER_ID,FIRST_NAME,LAST_NAME,AGE,ADDRESS,TOWNSHIP,STATE,ZIPCODE,GENDER
Mozart8434, David,Albarracin,76,813Canyon Street,Franklin,Georgia,57035,Male
Kyle9645, Tom,Banks,73,142Highland Road,Stow Creek,Indiana,16041,Female
Nicole4225, Eric,Lagatta,18,914Washington Avenue,Robbinsville,Indiana,28783,Female
Henry2670, Joseph,Yson,34,783South Park,Riverside,Arkansas,71880,Male
Monica4792, David,Fuller,15,609Strawberry Avenue,Scotch Plains,Georgia,84881,Male
Jennifer4035, Monica,Wolfe,53,941Evergreen,Montgomery,Alaska,44148,Female
Helen3216, Nicole,Albarracin,21,595Apache Street,Fairfield,Deleware,53578,Female
Helen7674, Jared,Norman,65,304Pinon Street,South Orange,Alabama,38265,Male
Mary9309, Rodolfo,Welch,44,827Evergreen,South Orange,Colorodo,99914,Male
Becca8931, Jesus,Debkowski,51,575Prospect Street,Fairfield,Indiana,21338,Male
Sabrina8521, Sabrina,Lagatta,25,821Chestnut Avenue,South Orange,Colorodo,58482,Male
Jennifer7063, Tom,Soto,67,982Cypress Street,East Brunswick,Alabama,66689,Male
Jared1013, David,Soto,29,508River Road,Fairfield,Alabama,64666,Male
Mozart9574, Jesus,Yson,76,413Aloha Street,Berlin,Florida,92837,Male
Becca4471, Jesus,Albarracin,12,353Meadow Street,Edgewater Park,Colorodo,55308,Female
Becca266, Jackie,Banks,13,642Spring Street,East Windsor,Deleware,69184,Female
Eric6333, Rodolfo,Schwartz,62,673Magnolia,Gloucester,Alaska,60754,Male
Sabrina6112, Henry,Welch,51,779Court Avenue,Cherry Hill,California,34274,Male
Eric5290, Henry,Wolfe,74,925Market Street,Pittsgrove,Florida,62116,Male
Monica9474, Steven,Wolfe,10,253Adams Lane,Rockway,California,53826,Male
Helen3531, Tom,Banks,54,119Strawberry Avenue,Rockway,California,81210,Male
Helen9268, Tom,Norman,36,624Wood Avenue,Roxbury,Arizona,14442,Male
Becca1327, Jackie,Debkowski,38,42Cedar Street,Pittsgrove,Georgia,94164,Female
Helen7657, Mary,Welch,67,62Prospect Street,Union,Alaska,60889,Male
David9106, Henry,Banks,55,455Lakeview,Hillsborough,Hawaii,87149,Male
Tom933, Jackie,Yson,12,515Market Street,Sparta,Colorodo,41162,Female
Sabrina7508, Becca,Soto,63,76Aspen Street,Bridgewater,Idaho,80927,Female
Jared2912, Rodolfo,Schwartz,70,926Washington Avenue,Berlin,Colorodo,90140,Male
Jesus4995, David,Lagatta,22,919Ridge Road,Roxbury,Arkansas,76441,Female
Damian8411, Mary,Norman,17,518Navajo Road,South Brunswick,Florida,62169,Female
David1492, Henry,Albarracin,29,801Juniper Street,Parsippany-Troy Hills,Colorodo,90392,Male
Mozart6687, Monica,Fuller,19,930Davis Road,Bedminster,Georgia,36238,Female
Tom4439, Monica,Brewer,45,10Dogwood Street,Plainsboro,Georgia,45314,Male
Kyle1602, Henry,Banks,21,180Laurel Steet,Lyndhurst,Alaska,67528,Female
Jennifer6741, Rodolfo,Norman,56,814Court Avenue,Scotch Plains,Arkansas,63765,Female
Mary1500, Jesus,Wolfe,34,206Maple Road,Cherry Hill,Arizona,93118,Female
Nicole7101, Rodolfo,Yson,26,553Main Street,Cherry Hill,Deleware,73347,Male
Monica8535, Joseph,Lagatta,26,848Wood Avenue,Scotch Plains,Hawaii,89695,Female
Rodolfo3378, Damian,Albarracin,19,788Willow Street,Franklin,Alabama,42732,Male
Mozart3160, Henry,Welch,10,848Shore Street,Roxbury,Georgia,84039,Male
Jesus3920, Jared,Soto,76,609Cedar Street,Montgomery,Alabama,18398,Male
Damian434, Jared,Norman,58,182Mountain View,Fairfield,Arkansas,91870,Male
Jesus2206, Joseph,Welch,26,766Sycamore Street,Scotch Plains,Indiana,93918,Male
Mozart4087, Eric,Banks,23,625Lee Street,Cranbury,Florida,49859,Male
Steven9757, Damian,Lagatta,69,706Juniper Street,Cranbury,Georgia,19505,Female
Damian191, Jesus,Potter,41,958Cherry Avenue,Piscataway,Florida,44823,Female
Becca3210, Mary,Banks,23,646Shore Street,South Hackensack,Indiana,96886,Female
Jesus9646, Jackie,Fuller,20,16Laurel Steet,Princeton,Deleware,50038,Female
Jennifer7828, Rodolfo,Banks,34,464Hickory Street,Teaneck,Georgia,88367,Male
Eric1983, Jackie,Lagatta,63,577Maple Street,Edison,Arizona,65572,Male
Jesus7937, Steven,Brewer,21,636Washington Street,South Hackensack,Deleware,61492,Male
Joseph9415, Jennifer,Banks,77,424Ridge Street,Ewing,Georgia,31034,Male
Becca813, Mozart,Welch,47,389Pinon Street,Hillsborough,Arizona,13760,Male
Mozart1128, Jackie,Debkowski,79,781Cedar Avenue,Edison,Arkansas,36430,Female
Joseph5034, Sabrina,Yson,58,923Aspen Street,Haddon,Alabama,83785,Female
Jared6078, Kyle,Norman,29,298Strawberry Avenue,Fairfield,Hawaii,41114,Female
Steven9748, Nicole,Banks,70,385Apache Street,Pittsgrove,Indiana,14193,Female
Rodolfo6001, Jesus,Albarracin,23,320Aloha Street,Riverside,Florida,15164,Male
Mary1780, Damian,Hopkins,24,727Hampton Street,Rochelle,Deleware,13141,Male
David3232, Henry,Schwartz,22,578Laurel Steet,Edgewater Park,California,50936,Male
Joseph6815, Nicole,Potter,26,429Maple Street,Princeton,Arizona,92129,Male
Kyle2830, Nicole,Welch,42,862School Street,South Orange,Florida,69448,Female
Monica299, David,Lagatta,29,102Elm Street,Cranbury,Georgia,57519,Male
Rodolfo5008, Helen,Hopkins,44,351Columbine Road,Allamuchy,Deleware,81366,Male
Mary8195, Jared,Debkowski,27,277Hemlock,East Windsor,Florida,12583,Male
Becca6056, Mary,Wolfe,61,533Airport Lane,Sparta,Colorodo,30768,Male
Kyle380, Kyle,Soto,69,87Mill Street,Aberdeen,Hawaii,55640,Female
Jared2742, Steven,Yson,23,137South Park,Haddon,Alaska,89079,Male
David8499, Jackie,Welch,33,788Johnson Street,Haddon,Georgia,21206,Male
Jackie9117, Nicole,Brewer,16,342Hemlock,East Brunswick,Idaho,60638,Female
Jennifer9392, Jackie,Albarracin,35,278Cedar Avenue,Sparta,Indiana,20890,Female
Steven4543, Damian,Schwartz,54,938Spring Street,Ewing,Colorodo,15463,Male
Mozart5867, Monica,Fuller,31,490Hemlock,Rockway,Deleware,21776,Male
Rodolfo5776, Jennifer,Lagatta,13,316Main Street,Union,California,78414,Male
Sabrina8067, Tom,Norman,24,556Palo Verde,Riverside,Idaho,94049,Male
Damian9245, Eric,Soto,41,790Mill Street,Berlin,Hawaii,78105,Female
Helen8188, Sabrina,Debkowski,60,953Adams Lane,Piscataway,Arkansas,58389,Male
Damian6620, Mozart,Lagatta,15,358Pioneer Road,Bedminster,Colorodo,76649,Female
Henry1173, Eric,Schwartz,68,112Aspen Street,Pittsgrove,Deleware,98302,Female
Eric5087, Damian,Lagatta,50,793Pioneer Road,Parsippany-Troy Hills,California,77116,Male
Tom5561, Mozart,Wolfe,80,617Pinon Street,Rockway,Florida,57422,Female
Damian8890, Joseph,Schwartz,26,960Center Street,Parsippany-Troy Hills,Hawaii,96741,Female
Jesus3397, Helen,Albarracin,76,773Jackson Road,South Brunswick,Idaho,12827,Female
Monica6963, Steven,Yson,67,334Aspen Street,Robbinsville,Hawaii,20957,Male
Joseph318, Becca,Brewer,11,962Oak Lane,Hillsborough,California,52581,Female
Mozart189, Jennifer,Yson,54,193Court Street,Allamuchy,Hawaii,79564,Female
Joseph6032, Jackie,Norman,15,548Hemlock,South Hackensack,Indiana,59349,Female
Jared9947, Damian,Brewer,47,601Ridge Street,Cranbury,Florida,57493,Female
Nicole8022, Jesus,Fuller,48,938Juniper Street,Aberdeen,Connecticut,92135,Male
Nicole5023, Mary,Potter,48,168Washington Avenue,East Hanover,Alaska,37173,Female
Tom6551, Mary,Lagatta,67,366Columbine Road,Hillsborough,Florida,35933,Male
Mary1152, Jesus,Wolfe,65,144Elm Street,Alexandria,Hawaii,21056,Female
Eric4818, Mary,Soto,11,516Maple Road,Bridgewater,California,49971,Male
Jesus3425, Becca,Soto,80,255Ridge Street,Edison,Illinois,83187,Female
Mozart6843, Joseph,Yson,17,958Ridge Street,Cranbury,Alaska,61880,Female
Nicole4841, Becca,Soto,19,21Forest Street,Haddon,Deleware,33474,Male
Sabrina4157, Henry,Welch,32,178Davis Road,Roxbury,Alabama,88085,Female
Damian2535, Joseph,Brewer,79,545School Street,Rochelle,Idaho,99260,Female
Jesus6740, Jennifer,Soto,47,693Orchard Avenue,Sparta,Alabama,74116,Male
Rodolfo8118, David,Potter,57,926Narragansett Avenue,Branchburg,Arizona,44715,Female
Damian2723, Steven,Banks,41,889Columbine Road,Edison,Georgia,23657,Female
Mary9093, Jared,Debkowski,27,792Cottonwood Lane,Alexandria,Connecticut,54633,Female
Monica3906, Eric,Welch,24,341Apache Street,East Windsor,Connecticut,20607,Female
Jesus1541, Sabrina,Yson,61,122Hemlock,Scotch Plains,Alaska,50461,Male
Damian4711, Rodolfo,Brewer,50,117Maple Road,South Orange,Deleware,25333,Female
Jennifer9642, Becca,Soto,10,281Palo Verde,Bernards,Colorodo,12104,Male
Mozart7734, Becca,Wolfe,38,10Mill Street,Bernards,Hawaii,89091,Female
Eric3317, Jared,Hopkins,72,313Navajo Road,Cranbury,Idaho,63948,Female
David5275, Mary,Debkowski,28,660Airport Lane,East Hanover,Arkansas,89751,Female
Jennifer9781, Jennifer,Albarracin,10,659Hickory Street,Branchburg,Connecticut,75648,Male
Mary5656, Joseph,Brewer,64,935Hemlock,Haddon,Connecticut,48529,Female
Jared5163, Sabrina,Albarracin,21,774South Park,Edgewater Park,Deleware,67075,Male
Jared2777, Nicole,Potter,79,601Ridge Road,Edison,Georgia,56554,Male
Helen4755, Nicole,Albarracin,33,872Wood Avenue,Fairfield,Colorodo,51469,Male
Eric1878, Tom,Soto,64,571Willow Street,Bernards,Arizona,78428,Male
Mozart891, Helen,Albarracin,75,1000Sunset Road,East Windsor,Alaska,27084,Male
Nicole3043, Steven,Norman,29,562River Road,Robbinsville,Indiana,37628,Male
Becca6262, Jennifer,Brewer,35,254Court Avenue,Princeton,Connecticut,80564,Female
Sabrina9178, Kyle,Schwartz,75,686Spring Street,Sparta,Indiana,59671,Male
Monica4415, Jesus,Soto,20,546Aloha Street,Rochelle,Connecticut,67073,Male
Steven7546, Mary,Debkowski,61,997Adams Lane,Teaneck,Deleware,13909,Male
Rodolfo9994, Rodolfo,Hopkins,62,620Hemlock,Teaneck,Alabama,57175,Female
Sabrina8813, Damian,Fuller,52,193Oak Lane,East Brunswick,Indiana,77436,Male
Steven5816, Rodolfo,Welch,41,410Laurel Steet,Stow Creek,Florida,51753,Female
Jackie4288, Jackie,Yson,69,539Spring Street,East Brunswick,California,70696,Female
Monica5348, Monica,Potter,40,390Washington Avenue,Plainsboro,Indiana,13152,Female
Henry305, Jared,Wolfe,33,8Wood Avenue,Scotch Plains,Arizona,20980,Male
Jared1580, Becca,Hopkins,57,996Forest Street,Stow Creek,Colorodo,41451,Female
Jared6558, Rodolfo,Brewer,42,5Sycamore Street,Teaneck,Georgia,65152,Female
Damian2076, Monica,Schwartz,72,632Walnut Street,Scotch Plains,Florida,95738,Male
Becca4276, Jesus,Yson,41,621School Street,Hillsborough,Alaska,99309,Female
Tom397, Jesus,Fuller,59,959Aloha Street,Alexandria,Illinois,23363,Male
Damian9957, Tom,Potter,43,842Jackson Road,Edison,Illinois,36488,Female
Jesus1402, Helen,Banks,80,531Court Avenue,Cranbury,Colorodo,81281,Male
Sabrina3797, Tom,Fuller,44,702Ridge Road,Cranbury,California,86207,Male
Sabrina1268, Joseph,Brewer,12,55Airport Lane,Ewing,Alabama,79749,Female
Sabrina9725, Eric,Debkowski,71,794Palo Verde,Lyndhurst,Colorodo,87620,Female
Jared640, Helen,Brewer,60,417Washington Avenue,South Hackensack,Arizona,95624,Female
Monica1786, Damian,Banks,43,478Elm Street,Bernards,Connecticut,90090,Female
Damian641, Jared,Banks,21,764Spruce Street,Stillwater,Alabama,13564,Female
Eric7317, Damian,Fuller,38,178Mill Street,Aberdeen,Hawaii,57426,Male
Tom390, Sabrina,Debkowski,45,750Sunset Road,Parsippany-Troy Hills,Illinois,30667,Male
Damian404, Jared,Albarracin,75,549Forest Street,Bedminster,Connecticut,50989,Female
Nicole811, Sabrina,Lagatta,72,968Spruce Street,Fairfield,Arkansas,83857,Male
David719, Joseph,Lagatta,56,159Oak Lane,Stow Creek,Indiana,24903,Female
Mary4902, Damian,Fuller,41,490Walnut Street,Ewing,Idaho,32469,Male
Becca273, Rodolfo,Welch,64,630Magnolia,Berlin,Connecticut,66094,Female
Sabrina9225, Henry,Albarracin,18,851Quail Lane,Hillsborough,Hawaii,14498,Female
Mary8419, Mozart,Lagatta,77,892Oak Lane,Edgewater Park,Connecticut,21006,Female
Damian6073, Becca,Welch,75,457Columbine Road,Parsippany-Troy Hills,Alabama,54018,Male
Jared4605, Helen,Lagatta,51,108Sunset Road,Allamuchy,Arizona,30331,Female
Monica1824, Henry,Wolfe,32,624Davis Road,East Brunswick,Georgia,95722,Female
Eric3832, Nicole,Soto,48,229Ridge Street,Roxbury,Georgia,66573,Male
Kyle66, Sabrina,Yson,40,168Palo Verde,Bridgewater,Colorodo,79194,Female
Steven8695, Becca,Yson,27,151Lehua Lane,Hillsborough,Florida,77437,Female
Damian3146, Jesus,Norman,48,84Sycamore Street,Haddon,Indiana,57363,Male
Monica1977, Rodolfo,Yson,29,222Meadow Street,East Hanover,Alabama,59075,Female
Becca9861, Rodolfo,Schwartz,32,568Orchard Avenue,Lyndhurst,Deleware,78918,Male
Jennifer8041, Kyle,Schwartz,67,935Bay Road,Plainsboro,Arizona,37656,Male
Jennifer9589, Nicole,Banks,27,811Church Street,Fairfield,Hawaii,86733,Male
Tom877, Mozart,Yson,22,815Palo Verde,Ewing,Indiana,16012,Female
Jackie8063, Steven,Welch,52,189Lehua Lane,East Hanover,Deleware,89909,Male
Steven5296, Rodolfo,Schwartz,65,585Hickory Street,South Brunswick,Illinois,97535,Female
Jennifer8638, David,Brewer,11,227Highland Road,South Orange,Deleware,61174,Female
Steven7893, Mary,Debkowski,41,308Bay Road,South Hackensack,Idaho,39307,Female
Steven6033, Kyle,Soto,25,317Willow Street,Hillsborough,Deleware,42527,Female
Kyle6859, Henry,Soto,67,448Ridge Avenue,East Hanover,Arizona,74778,Male
Rodolfo7502, Mary,Schwartz,75,722Wood Avenue,Haddon,Colorodo,58293,Male
Steven3274, Helen,Hopkins,36,90Madison Avenue,Edgewater Park,Connecticut,26405,Female
Henry5274, Helen,Soto,11,71Lehua Lane,Riverside,Hawaii,53247,Female
Mary6670, Joseph,Wolfe,19,60Lakeview,South Brunswick,California,74606,Male
Becca9088, Sabrina,Norman,18,767Elm Street,South Brunswick,Idaho,80286,Male
Jesus8597, David,Albarracin,79,49Cherry Avenue,Bedminster,Alabama,37419,Male
Rodolfo7924, Jennifer,Fuller,10,687Jackson Road,South Brunswick,Illinois,85890,Male
Sabrina9321, Sabrina,Welch,57,201Maple Road,Robbinsville,Arkansas,83447,Female
Tom9998, Tom,Brewer,26,440Navajo Road,Alexandria,Florida,58651,Female
Becca2304, Eric,Lagatta,51,432Mill Street,Piscataway,Alabama,39870,Male
Nicole1152, Helen,Hopkins,61,591Maple Road,East Windsor,Florida,63918,Male
Mozart5727, Henry,Lagatta,53,157Columbine Road,Stillwater,Alaska,29562,Female
Jennifer4685, Kyle,Welch,28,984Cedar Street,Alexandria,California,71671,Female
Sabrina5376, Mozart,Brewer,45,523Hemlock,Robbinsville,Deleware,61848,Female
Jesus5459, Monica,Soto,54,294Ridge Road,Rochelle,Indiana,92514,Male
Damian9138, Steven,Fuller,12,253Center Avenue,Princeton,Hawaii,72758,Female
Joseph1255, David,Hopkins,45,936Aspen Street,Rochelle,Alabama,70688,Female
Monica4116, Jennifer,Hopkins,13,170Prospect Street,Princeton,Indiana,60095,Female
Henry7597, Nicole,Brewer,33,134Walnut Street,Aberdeen,Illinois,61011,Male
Sabrina2181, Mary,Yson,69,118Maple Street,Robbinsville,Deleware,55950,Female
Henry3831, Tom,Wolfe,74,897River Road,South Hackensack,Illinois,28276,Male
Henry4172, Steven,Potter,70,756Center Avenue,Cherry Hill,Connecticut,94243,Female
Steven2970, Jennifer,Soto,11,496School Street,Fairfield,Alabama,83404,Female
Tom6420, Steven,Debkowski,34,963Center Avenue,Alexandria,Georgia,97658,Male
Jared7607, Damian,Schwartz,76,203Lehua Lane,South Hackensack,Alabama,42445,Male
Tom4030, Kyle,Yson,61,779Quail Lane,South Brunswick,Indiana,19982,Female
Joseph2295, Damian,Brewer,69,441Hickory Street,Franklin,Indiana,33448,Male
Jesus5620, Joseph,Norman,78,265Hillside Street,Bedminster,Illinois,51439,Male
Jared1022, Steven,Hopkins,22,689Hampton Street,Cranbury,California,42207,Male
Nicole4968, Steven,Banks,22,1Market Street,Aberdeen,Arkansas,69766,Female
Sabrina5710, Rodolfo,Potter,17,351Dogwood Street,Pittsgrove,Indiana,80839,Male
Eric1133, Helen,Debkowski,14,433Maple Road,Union,Arizona,53144,Female
Rodolfo7708, Tom,Wolfe,79,739Spring Street,Gloucester,Georgia,55763,Female
Jesus7669, Helen,Fuller,43,443Cedar Avenue,Edgewater Park,Deleware,64406,Male
Joseph2263, Jared,Wolfe,65,717Cottonwood Lane,Pittsgrove,Colorodo,37347,Male
Kyle2202, Nicole,Schwartz,11,847Quail Lane,Branchburg,Arizona,83033,Female
Jared2704, David,Welch,53,170Strawberry Avenue,Sparta,Illinois,28222,Male
Eric9031, Henry,Potter,63,895Hill Avenue,Stillwater,Connecticut,19200,Male
Mozart295, Helen,Schwartz,18,883Magnolia,Edison,Indiana,55094,Female
Mary2904, Mary,Banks,17,426Aloha Street,Robbinsville,Deleware,45281,Male
Henry3698, Steven,Soto,64,476Lee Street,Franklin,Georgia,38924,Male
Jesus9414, Mozart,Debkowski,60,684Strawberry Avenue,Allamuchy,Indiana,41552,Male
Mozart5714, Helen,Soto,24,881Elm Street,Plainsboro,Florida,22341,Female
Henry7200, Nicole,Potter,80,158Elm Street,Stillwater,Arkansas,34981,Female
Nicole9984, Joseph,Yson,22,506Maple Road,Edison,Colorodo,52412,Male
David1497, Jackie,Soto,47,378Mountain View,Princeton,Arizona,60477,Female
Helen3630, Tom,Soto,66,205Walnut Street,Pittsgrove,Georgia,37926,Male
Damian6777, Rodolfo,Wolfe,77,13Cedar Street,Franklin,Georgia,80812,Male
Joseph5486, Sabrina,Welch,79,8Oak Lane,Franklin,Alabama,73332,Male
Monica3467, Helen,Wolfe,56,416Court Avenue,South Hackensack,Deleware,99315,Female
Joseph2591, Jennifer,Brewer,67,246Shore Street,Gloucester,Indiana,28535,Male
Helen2936, Monica,Potter,14,404Johnson Street,Scotch Plains,Idaho,93111,Female
Damian3060, Sabrina,Yson,77,311Hampton Street,Rochelle,Hawaii,24349,Female
Eric1348, Monica,Fuller,76,62Highland Road,Teaneck,Hawaii,58969,Male
Jesus2801, Tom,Welch,21,951Cottonwood Lane,East Windsor,Alabama,58189,Female
Henry5007, Mozart,Norman,39,902Ridge Street,Bridgewater,Hawaii,98105,Female
Damian5574, Monica,Albarracin,74,638Cottonwood Lane,Bernards,Florida,66377,Female
Helen4590, Mary,Brewer,67,263Oak Lane,Sparta,Alaska,66649,Male
Becca8636, Jared,Brewer,16,810Narragansett Avenue,Berlin,Arkansas,56570,Male
Jared2340, Mozart,Welch,68,283Hemlock Road,Union,Alaska,90883,Female
David825, David,Lagatta,54,232Mesquite Road,Bedminster,Deleware,32911,Male
Kyle8667, Sabrina,Albarracin,13,82Sycamore Street,Stillwater,Colorodo,87435,Male
Jackie3833, Kyle,Wolfe,33,506Dogwood Street,South Orange,Alaska,74511,Female
Becca7166, Damian,Albarracin,72,887Walnut Street,South Brunswick,Alaska,45124,Male
Mary2307, Nicole,Albarracin,47,356Adams Lane,Ewing,Arizona,19632,Female
Henry3774, Tom,Welch,52,547Spring Street,Lyndhurst,Alabama,50537,Female
Rodolfo6310, Sabrina,Albarracin,10,726Bay Road,Princeton,Idaho,77122,Female
Becca9388, Steven,Soto,45,501Center Street,Gloucester,Deleware,42744,Female
Eric5710, Nicole,Albarracin,15,899Ridge Street,Scotch Plains,Colorodo,30160,Male
Helen7458, Sabrina,Albarracin,19,558Ridge Street,Lyndhurst,Indiana,78332,Male
Sabrina3468, David,Debkowski,18,279Hillside Street,Montgomery,Idaho,12540,Male
Helen1850, Monica,Welch,45,469River Road,Branchburg,Alaska,94874,Female
Steven2285, Helen,Welch,50,963Bay Road,Gloucester,Georgia,11455,Male
Monica8765, Henry,Brewer,27,476Willow Street,Edgewater Park,Deleware,35458,Male
Eric728, Mary,Yson,39,694Washington Avenue,Bedminster,Alaska,42422,Male
David2678, Joseph,Schwartz,42,501Mountain View,Berlin,Arizona,63293,Male
Kyle2705, David,Norman,23,919Palo Verde,Ewing,Alaska,89956,Female
Sabrina2121, Jesus,Welch,11,347Narragansett Avenue,Stillwater,Indiana,76817,Female
Tom1927, Steven,Lagatta,22,444Canyon Street,Stow Creek,Hawaii,63613,Male
Tom159, Damian,Wolfe,65,272Adams Lane,Bedminster,Arkansas,30585,Male
Rodolfo3433, Jared,Schwartz,16,37Madison Avenue,Branchburg,Deleware,58239,Female
Rodolfo5884, Henry,Lagatta,61,38Elm Street,Roxbury,Hawaii,63309,Male
Damian918, Jesus,Hopkins,76,446Market Street,Haddon,Alabama,46099,Female
Mary7230, Jennifer,Potter,57,865Lakeview,Teaneck,Georgia,72571,Male
Nicole6506, Becca,Welch,49,631Dogwood Street,Rockway,Colorodo,63003,Female
Jennifer4402, Jennifer,Fuller,38,621Center Avenue,Aberdeen,Arizona,50368,Male
Sabrina1776, Henry,Norman,10,301Wood Avenue,Edgewater Park,Indiana,86348,Female
Rodolfo5998, Tom,Lagatta,68,828Orchard Avenue,Union,Deleware,49594,Male
David7302, Helen,Welch,74,696Prospect Street,Cherry Hill,Illinois,77872,Female
Jared9642, Nicole,Schwartz,36,285Hickory Street,East Hanover,Arkansas,66156,Female
Henry2978, Helen,Debkowski,46,24Apache Street,Bernards,Colorodo,72347,Male
Nicole2654, Nicole,Fuller,56,778Navajo Road,Hillsborough,Colorodo,59663,Female
David5804, Jesus,Norman,63,623Ridge Street,Haddon,Indiana,31706,Male
Monica7081, Jesus,Brewer,32,313Cedar Avenue,Cherry Hill,Florida,80542,Male
Rodolfo670, Monica,Welch,18,813Washington Avenue,Roxbury,Arkansas,56239,Female
Nicole7681, Sabrina,Fuller,46,722Cypress Street,East Hanover,Colorodo,91527,Male
Jesus3296, Jesus,Welch,68,895Narragansett Avenue,Aberdeen,Connecticut,94611,Male
Mozart5162, Damian,Wolfe,40,342Church Street,Union,Georgia,81141,Female
Eric9040, Jesus,Potter,66,724Quail Lane,South Hackensack,Georgia,49928,Female
Mary3580, Becca,Fuller,22,393Cypress Street,South Hackensack,Idaho,48343,Male
David8685, Becca,Schwartz,56,626Orchard Avenue,East Brunswick,Hawaii,43421,Male
Nicole5091, Mozart,Norman,42,283Juniper Street,South Orange,Hawaii,92217,Male
Sabrina6534, Kyle,Soto,57,804Ridge Avenue,Montgomery,Arkansas,11452,Female
Jesus1300, Jennifer,Schwartz,13,709Dogwood Street,Scotch Plains,Illinois,80948,Male
Sabrina8507, Nicole,Welch,70,972Madison Avenue,Piscataway,Arkansas,83335,Male
Damian2418, Joseph,Soto,69,128Hickory Street,Teaneck,Idaho,41652,Female
Damian9997, Jackie,Hopkins,28,794Main Street,Gloucester,Georgia,66679,Male
Helen2850, Jared,Wolfe,15,897Center Avenue,Cranbury,Indiana,68780,Male
Joseph34, Kyle,Banks,28,40Airport Lane,South Orange,Florida,58803,Male
Nicole1768, Tom,Hopkins,48,760Main Street,Robbinsville,Georgia,12523,Female
Jennifer2046, Steven,Norman,74,221Palo Verde,Parsippany-Troy Hills,Idaho,46521,Male
Monica572, Damian,Albarracin,28,896Maple Street,Sparta,Idaho,94423,Female
Mozart5815, Jesus,Wolfe,10,445Canyon Street,Stillwater,Colorodo,38457,Male
Henry5343, Mozart,Soto,60,803Dogwood Street,Allamuchy,California,71827,Female
Helen6166, Henry,Albarracin,20,501Juniper Street,Riverside,Arizona,19994,Female
Becca3794, Rodolfo,Fuller,24,746Ridge Avenue,Piscataway,Illinois,95028,Female
Becca1727, Kyle,Lagatta,73,98Highland Road,Princeton,Hawaii,26858,Female
Joseph6407, Eric,Soto,36,273Adams Lane,Stillwater,Connecticut,48041,Male
Helen8593, Nicole,Banks,43,416School Street,Hillsborough,Georgia,74739,Male
Eric3855, Monica,Fuller,59,247Dogwood Street,Roxbury,Connecticut,37874,Female
Nicole347, Helen,Brewer,13,726Airport Lane,Lyndhurst,Idaho,66826,Male
Sabrina83, Henry,Norman,52,411Center Street,Roxbury,Illinois,17716,Female
Mozart4452, Jackie,Lagatta,64,71Bay Road,Franklin,Alaska,31703,Female
Mary6641, David,Potter,10,858Orchard Avenue,Cherry Hill,California,65051,Male
Helen2818, Steven,Norman,46,622Sycamore Street,Hillsborough,Florida,35436,Male
Henry4444, Jennifer,Lagatta,60,940Church Street,Ewing,Arizona,39193,Male
Helen6560, Nicole,Banks,51,671Highland Road,Allamuchy,California,76621,Female
Nicole4847, Sabrina,Schwartz,11,908Oak Lane,Fairfield,Arkansas,62326,Female
Henry4102, Tom,Potter,78,273Palo Verde,Robbinsville,Deleware,32590,Male
Rodolfo2458, Jennifer,Lagatta,49,73Hampton Street,Bridgewater,Florida,13438,Female
Mozart8904, Steven,Banks,10,64Ridge Avenue,Haddon,Idaho,90149,Female
Damian5802, Joseph,Yson,56,670Church Street,East Windsor,Colorodo,95130,Female
Becca3946, Becca,Debkowski,61,760Pinon Street,Riverside,Idaho,97296,Male
Sabrina6189, David,Albarracin,72,457Ridge Street,South Brunswick,Illinois,19339,Female
Henry4078, Helen,Norman,48,126Hampton Street,Union,Deleware,90994,Female
Rodolfo2269, Monica,Banks,13,505Ridge Avenue,Berlin,Indiana,32823,Male
Steven8281, Monica,Banks,19,509Chestnut Avenue,Bridgewater,Florida,95171,Male
Kyle2683, Henry,Wolfe,23,233Ridge Avenue,Stillwater,Hawaii,45484,Female
Henry557, Rodolfo,Potter,42,230Cottonwood Lane,Montgomery,Georgia,61965,Male
Jennifer8817, Kyle,Hopkins,15,79Cottonwood Lane,Union,California,52017,Female
Steven982, Jared,Hopkins,66,289Palo Verde,Plainsboro,Hawaii,24402,Female
Tom8106, Helen,Hopkins,38,509Court Avenue,South Hackensack,Indiana,76330,Female
Jesus1348, Mozart,Welch,17,850Cherry Avenue,Hillsborough,Connecticut,72925,Female
Tom6303, Becca,Hopkins,69,787Ridge Avenue,South Hackensack,Indiana,48109,Male
Damian7385, Jackie,Welch,44,462Pinon Street,Bedminster,Alabama,34246,Female
Henry8161, Jackie,Yson,51,553South Park,Berlin,Arkansas,54176,Female
Monica1619, Jared,Debkowski,35,280Ridge Street,Union,Deleware,96390,Male
David2527, Joseph,Lagatta,55,965Wood Avenue,Allamuchy,Illinois,80629,Male
Jared554, Tom,Banks,12,822River Road,Piscataway,Colorodo,32367,Male
Sabrina1769, Jennifer,Fuller,49,393Orchard Avenue,East Hanover,Alaska,86115,Male
Sabrina8688, Damian,Potter,16,548Cypress Street,Alexandria,California,29971,Male
Kyle7009, Steven,Banks,60,923Ridge Road,Piscataway,Arizona,21520,Male
Nicole691, Steven,Potter,74,109Ridge Street,Stillwater,Deleware,50918,Female
Jackie4640, Nicole,Debkowski,73,765Shore Street,Cranbury,Alabama,54618,Female
Eric296, Henry,Norman,25,738Ridge Street,Haddon,Arkansas,24803,Female
Eric8943, Sabrina,Brewer,53,681Cedar Avenue,Plainsboro,California,21524,Male
Mary591, Nicole,Debkowski,35,358Lakeview,South Hackensack,Arizona,92907,Female
Jesus1518, Mozart,Hopkins,69,337Walnut Street,Cranbury,Arkansas,36052,Female
Becca1284, Helen,Lagatta,78,662Quail Lane,Sparta,Arkansas,31333,Female
Eric271, Joseph,Soto,73,806Pioneer Road,Bridgewater,Illinois,84410,Female
Jesus6122, Joseph,Schwartz,28,12Adams Lane,Robbinsville,Indiana,69770,Male
David2721, Steven,Welch,60,665Forest Street,Stillwater,Florida,72761,Female
David9812, Tom,Wolfe,66,916Washington Avenue,Bedminster,Colorodo,14250,Male
David3139, Damian,Potter,73,866Lehua Lane,Bedminster,Alabama,41058,Female
Eric8420, Tom,Albarracin,30,844Main Street,South Hackensack,Indiana,36178,Female
Rodolfo3639, Jesus,Schwartz,35,720Navajo Road,Allamuchy,Alabama,48060,Male
Eric1904, Helen,Brewer,15,187Washington Avenue,Pittsgrove,Hawaii,41070,Female
Sabrina5789, Helen,Albarracin,19,55Canyon Street,Berlin,Idaho,67300,Male
David642, Rodolfo,Hopkins,80,821Birch Street,East Hanover,Indiana,66910,Male
Steven8498, Henry,Wolfe,34,303Oak Lane,Robbinsville,Alabama,53181,Male
Steven6435, Jesus,Wolfe,25,715Willow Street,Piscataway,Hawaii,44878,Female
Becca2573, Nicole,Welch,78,852North Park,Montgomery,Illinois,22356,Female
Sabrina7388, Henry,Potter,23,216Columbine Road,Union,Illinois,14335,Female
Mary8246, Mozart,Wolfe,15,506Pinon Street,South Brunswick,Arkansas,67380,Male
Jared7139, Monica,Hopkins,79,223North Park,Fairfield,Hawaii,91528,Female
Damian4788, Tom,Fuller,60,986River Road,Piscataway,Connecticut,59996,Male
Damian8662, Steven,Banks,16,285Cedar Avenue,Lyndhurst,Colorodo,28910,Female
Tom3730, Sabrina,Wolfe,68,604Ridge Avenue,Cranbury,Idaho,72917,Male
Monica4272, Henry,Yson,47,897Evergreen,Montgomery,Deleware,53248,Female
Jennifer2889, Mary,Soto,59,306Apache Street,Fairfield,Connecticut,41684,Female
Jesus8489, Jared,Wolfe,12,875Airport Lane,Teaneck,California,60496,Female
Rodolfo891, David,Banks,56,181Willow Street,East Brunswick,California,83480,Female
Mozart4503, Kyle,Banks,65,108Aspen Street,Berlin,Idaho,58287,Female
Mary6106, Jennifer,Soto,15,289Davis Road,Rochelle,Indiana,86335,Female
Jesus3562, Henry,Lagatta,46,690Canyon Street,Stow Creek,Arizona,13208,Female
Tom1336, Helen,Hopkins,46,751Aspen Street,Teaneck,Indiana,14947,Female
Becca7286, Monica,Schwartz,62,976Court Street,Stow Creek,Illinois,76926,Male
Damian3888, Henry,Schwartz,25,397Court Avenue,Cherry Hill,Arizona,81401,Male
Jesus4571, Henry,Albarracin,33,16Narragansett Avenue,Aberdeen,Hawaii,38965,Female
Damian9443, Nicole,Hopkins,61,914Mesquite Road,Rochelle,Florida,92327,Female
Helen3027, Monica,Yson,32,756Oak Lane,East Hanover,Alaska,43054,Male
Jennifer1529, Kyle,Welch,55,767Elm Street,Teaneck,Alaska,94530,Female
Henry8586, Jared,Welch,79,420Maple Road,Branchburg,Florida,96768,Male
Monica3176, David,Yson,46,49River Road,Cherry Hill,Illinois,89941,Male
Jennifer6090, Helen,Brewer,14,12Apache Street,Princeton,Illinois,31032,Female
Steven9389, Jennifer,Hopkins,47,656Narragansett Avenue,Fairfield,Illinois,21185,Male
Damian4653, David,Norman,29,580Columbine Road,Sparta,Georgia,44194,Female
Steven7515, Tom,Potter,32,477Ridge Avenue,Roxbury,Alaska,61520,Female
Mary4808, David,Albarracin,59,58Market Street,Riverside,Florida,55959,Male
Jennifer5314, Becca,Brewer,33,234Center Street,East Brunswick,Arkansas,39675,Female
Mozart8695, Damian,Banks,45,72Lakeview,Sparta,Florida,11375,Female
Jackie6721, Damian,Fuller,75,972Hemlock Road,East Hanover,Alabama,15645,Male
Joseph9647, Kyle,Banks,15,62Highland Road,Fairfield,Idaho,42142,Male
Sabrina3664, Tom,Lagatta,79,476Highland Road,Franklin,Arkansas,67111,Male
Jared5575, Jennifer,Albarracin,17,741Birch Street,Rockway,Hawaii,27298,Male
Henry8143, Jackie,Brewer,24,964Maplestory Road,Berlin,Florida,75077,Female
Jesus2782, David,Welch,64,590Market Street,Edgewater Park,Alaska,19474,Female
Steven7326, David,Fuller,46,580Airport Lane,Bridgewater,Alabama,89759,Male
Kyle3192, Jackie,Albarracin,13,990Lee Street,Cherry Hill,Idaho,65523,Female
Damian1814, Jesus,Brewer,15,430Jackson Road,Rochelle,Alabama,46436,Female
Jackie6884, Jackie,Lagatta,72,854Hickory Street,Roxbury,Idaho,51805,Male
Jackie4808, Mozart,Albarracin,61,883Elm Street,Hillsborough,Georgia,90523,Male
Mary351, Helen,Banks,17,123Lee Street,Stow Creek,Deleware,69766,Female
Jackie3279, Joseph,Albarracin,49,970Navajo Road,Stow Creek,Alaska,78059,Female
Jared7384, Eric,Banks,55,424Shore Street,Gloucester,Connecticut,83121,Female
Joseph1148, Mozart,Norman,53,859Aloha Street,Parsippany-Troy Hills,Idaho,92034,Male
Eric650, David,Potter,32,780Maple Road,Edison,Georgia,20552,Male
Nicole3930, Henry,Albarracin,42,192Hemlock,Edison,Georgia,96727,Male
Tom9421, Mary,Lagatta,39,237Lehua Lane,Bernards,Deleware,28496,Female
Steven9013, Tom,Norman,52,352Palo Verde,Fairfield,California,70503,Male
Nicole8330, Jared,Norman,77,937Maple Street,Bedminster,Georgia,65600,Male
Helen7365, Becca,Fuller,69,405Willow Street,Gloucester,Idaho,40094,Male
Mozart4591, Mozart,Norman,42,577Narragansett Avenue,Berlin,Alabama,79253,Female
Steven1922, David,Wolfe,24,110Orchard Avenue,East Hanover,Arkansas,26244,Female
Jennifer3027, Monica,Albarracin,71,564Hampton Street,Edgewater Park,Alaska,85776,Male
Rodolfo8995, Steven,Schwartz,79,875Jackson Road,Teaneck,Idaho,76416,Male
Sabrina906, Monica,Welch,25,142Court Avenue,South Hackensack,Arizona,75720,Female
Tom538, Joseph,Banks,60,836Aspen Street,Branchburg,Arkansas,41572,Female
Steven4551, Joseph,Banks,15,686Hemlock,Franklin,Illinois,46016,Male
Helen8045, Jennifer,Fuller,35,914Columbine Road,Bedminster,Colorodo,58779,Male
Jared6629, Sabrina,Wolfe,23,406Church Street,Hillsborough,California,31702,Female
Helen772, Steven,Lagatta,62,489Canyon Street,Riverside,Deleware,68492,Male
Jennifer6055, Tom,Wolfe,34,371Maple Street,Hillsborough,Alabama,79539,Male
Mary3863, Sabrina,Norman,27,578Maple Road,Allamuchy,Alabama,91540,Male
Jesus2819, Henry,Yson,54,717Navajo Road,East Brunswick,Florida,97466,Female
Monica163, Rodolfo,Albarracin,77,653Aloha Street,Bridgewater,Indiana,28376,Female
Monica1531, Mozart,Soto,46,748River Road,South Hackensack,Alabama,31489,Female
Jennifer3758, Helen,Welch,20,809Narragansett Avenue,South Hackensack,California,96907,Female
Monica8528, Nicole,Debkowski,10,999Orchard Avenue,Gloucester,Florida,16773,Male
Nicole9192, Mozart,Fuller,57,379Meadow Street,East Hanover,Colorodo,67209,Male
Tom87, Sabrina,Norman,76,49Hickory Street,Teaneck,Hawaii,58340,Female
Jackie4555, David,Banks,42,431Market Street,Berlin,California,19329,Male
Jackie8348, Jackie,Banks,79,52Ridge Street,Ewing,Arizona,23774,Male
David363, Jennifer,Albarracin,52,872Madison Avenue,Edison,Georgia,86779,Male
Jared811, Eric,Banks,42,968Highland Road,Piscataway,Florida,40376,Female
Jesus3536, Helen,Brewer,25,807Willow Street,Cherry Hill,Colorodo,20350,Male
Steven6141, Jesus,Fuller,52,847Ridge Road,Cherry Hill,Arkansas,35096,Male
Damian428, Sabrina,Albarracin,12,819North Park,Piscataway,California,62248,Female
Kyle3441, David,Hopkins,19,744Pinon Street,Parsippany-Troy Hills,Colorodo,40849,Male
Tom8455, Sabrina,Brewer,22,241Maple Road,Rockway,Arkansas,50200,Female
Monica3756, Kyle,Wolfe,70,790Navajo Road,Bedminster,Deleware,24665,Male
Damian1459, Jackie,Soto,78,379Cypress Street,Sparta,Florida,42859,Male
Joseph7066, Becca,Albarracin,37,677Mesquite Road,Riverside,Colorodo,27326,Female
Jesus5110, Tom,Fuller,59,802Cedar Avenue,Rochelle,California,43102,Male
Jennifer9209, Monica,Albarracin,10,631Elm Street,Edgewater Park,California,52574,Female
Damian493, Monica,Yson,36,868Maple Road,Lyndhurst,Arizona,17289,Female
Jackie2132, Jared,Fuller,78,621Shore Street,South Orange,Idaho,55025,Male
Sabrina9589, Monica,Soto,16,465Apache Street,Stillwater,Colorodo,95281,Female
Jackie8926, Jesus,Yson,55,350Mesquite Road,Riverside,Arkansas,29590,Female
Sabrina558, Jennifer,Potter,14,58Center Street,Stillwater,Deleware,34356,Female
Rodolfo9176, Helen,Yson,41,226Market Street,Princeton,Hawaii,13692,Male
Steven1046, Jackie,Debkowski,50,530Center Avenue,Franklin,Deleware,36955,Female
Monica3935, Mary,Brewer,54,349Center Street,Roxbury,Arizona,62339,Male
Damian8775, Nicole,Welch,79,96Lakeview,Fairfield,Alaska,68815,Male
Joseph2696, Joseph,Hopkins,36,554Washington Avenue,Haddon,Colorodo,72180,Female
David2180, Monica,Debkowski,52,77Hillside Street,East Brunswick,California,83973,Female
Damian2208, Joseph,Fuller,20,600Court Street,East Hanover,Arkansas,75512,Female
Monica43, Sabrina,Welch,14,996Laurel Steet,Teaneck,Indiana,65236,Female
David1998, Mary,Potter,38,347North Park,Haddon,Idaho,29261,Female
Joseph5328, Joseph,Welch,76,912Juniper Street,Robbinsville,Alabama,35125,Female
Damian15, Joseph,Lagatta,33,451Chestnut Avenue,Aberdeen,Alabama,99490,Male
Jesus8574, Becca,Potter,44,197Cedar Avenue,Riverside,Arkansas,63960,Female
Jackie2662, Nicole,Wolfe,13,15Adams Lane,Bridgewater,Colorodo,19874,Male
Kyle6623, Henry,Hopkins,69,165Court Avenue,Stillwater,California,48777,Male
Jared5814, Sabrina,Schwartz,65,772Cottonwood Lane,Fairfield,Arkansas,31610,Female
Damian3216, Jennifer,Fuller,41,380Court Avenue,Rochelle,Illinois,82665,Female
Mozart1718, Nicole,Fuller,42,278Bay Road,Allamuchy,Alaska,81786,Male
Helen4220, Jennifer,Brewer,64,194Ridge Street,Piscataway,Alabama,45964,Female
Nicole1972, Henry,Yson,72,938Pinon Street,Parsippany-Troy Hills,Georgia,92609,Male
Damian4700, Jared,Norman,18,222Davis Road,Ewing,Idaho,92174,Male
Sabrina7716, Mozart,Yson,67,938Pioneer Road,Edison,Florida,75120,Female
Jared5821, Damian,Banks,17,984Magnolia,Roxbury,Arizona,57317,Male
Mary1969, Kyle,Schwartz,26,622Forest Street,East Windsor,Hawaii,86283,Female
Joseph8588, Henry,Norman,36,437Sycamore Street,Riverside,Florida,44806,Female
Mary8722, Mozart,Soto,37,345Cedar Street,East Brunswick,California,47342,Female
Eric9119, Jesus,Debkowski,25,10Highland Road,Edgewater Park,Connecticut,25302,Female
Jackie4100, Jennifer,Wolfe,69,667Cottonwood Lane,Allamuchy,Colorodo,73393,Female
Jennifer7872, Eric,Norman,66,510Walnut Street,Cherry Hill,Alabama,24496,Male
Rodolfo5813, Jared,Brewer,64,960Jackson Road,Haddon,Florida,28088,Male
David30, Helen,Soto,44,198Meadow Street,Teaneck,Alabama,68790,Female
Jared6130, Kyle,Schwartz,32,392Lakeview,Bernards,Florida,57292,Female
Rodolfo3549, Kyle,Schwartz,59,137Narragansett Avenue,Teaneck,Georgia,33009,Female
Monica4944, Monica,Brewer,31,761Cherry Avenue,East Brunswick,Indiana,63279,Female
Jesus2448, Mary,Soto,43,66Birch Street,South Orange,Arkansas,57039,Male
Tom1472, Monica,Soto,75,118Palo Verde,Rockway,Florida,68359,Male
Kyle4495, Mary,Norman,13,745Mill Street,Lyndhurst,Hawaii,83639,Male
David4701, Steven,Banks,17,465Spruce Street,Bedminster,Connecticut,63391,Male
Jennifer4116, Tom,Lagatta,47,842Aloha Street,East Hanover,Hawaii,69379,Female
Nicole8167, Becca,Lagatta,13,512Hampton Street,Berlin,Idaho,41602,Male
Jesus8453, Becca,Banks,34,373Sycamore Street,Rochelle,Connecticut,34080,Male
Jesus9095, Nicole,Hopkins,12,532Strawberry Avenue,Stillwater,Florida,41185,Male
Kyle800, Jackie,Debkowski,77,922Cottonwood Lane,Rockway,Alaska,36614,Male
Eric2486, Jackie,Potter,68,984Walnut Street,Gloucester,Hawaii,27917,Male
Jackie6218, Damian,Lagatta,64,53Ridge Avenue,Parsippany-Troy Hills,California,33749,Female
Jesus187, Tom,Norman,22,827Cottonwood Lane,Aberdeen,Colorodo,56270,Male
Monica8988, Nicole,Brewer,64,121Narragansett Avenue,Pittsgrove,Georgia,68266,Male
Nicole5136, Henry,Yson,65,506Maple Street,Hillsborough,Georgia,84628,Female
Eric921, Rodolfo,Wolfe,20,11Prospect Street,Allamuchy,Connecticut,17351,Female
Becca5884, Jackie,Wolfe,50,446Oak Lane,Riverside,Hawaii,14306,Male
Damian5276, Sabrina,Schwartz,78,499Apache Street,Piscataway,Alabama,94680,Female
Henry7394, Henry,Potter,65,441Court Street,Rockway,Deleware,99183,Female
Tom6304, Kyle,Yson,20,716North Park,Berlin,Idaho,48003,Female
Joseph4666, Jennifer,Welch,21,801Palo Verde,Hillsborough,Illinois,46588,Female
Sabrina6026, Jared,Yson,63,30Laurel Steet,Gloucester,Indiana,12576,Male
Mozart9525, Monica,Schwartz,18,163Willow Street,Lyndhurst,Colorodo,37838,Male
David8309, Monica,Schwartz,42,746Canyon Street,Cherry Hill,Alaska,68512,Male
Henry1383, Mary,Wolfe,29,300Forest Street,Aberdeen,Indiana,75735,Female
Henry795, Kyle,Hopkins,61,837Hemlock,East Windsor,Illinois,46849,Male
Monica1038, Kyle,Albarracin,64,134Hemlock Road,Scotch Plains,Hawaii,40357,Female
Tom3978, Rodolfo,Brewer,56,646North Park,Edgewater Park,Connecticut,51476,Male
Jared3236, Becca,Yson,69,366Narragansett Avenue,South Brunswick,Hawaii,20771,Female
Kyle3069, Nicole,Debkowski,23,385Mill Street,Bedminster,California,28983,Male
Steven2247, Helen,Lagatta,45,848Ridge Avenue,Montgomery,Georgia,93326,Female
Rodolfo2537, Steven,Fuller,29,741Hill Avenue,Ewing,Georgia,21682,Female
Steven5366, Jesus,Albarracin,22,635Navajo Road,Union,Alaska,59325,Male
David7443, Nicole,Debkowski,52,974Spruce Street,Cherry Hill,Deleware,49440,Male
Damian6505, Kyle,Debkowski,44,967Lehua Lane,Branchburg,Georgia,51993,Male
Damian8607, Jared,Yson,38,124Center Street,Gloucester,Deleware,37589,Female
Jesus274, Monica,Soto,18,884Bay Road,Fairfield,Arkansas,55647,Female
Jesus594, Kyle,Schwartz,23,946Jackson Road,Pittsgrove,Arizona,40699,Female
Jennifer8616, Becca,Norman,31,895Narragansett Avenue,Edison,California,79907,Male
Tom7492, Damian,Wolfe,54,325Cherry Avenue,Rochelle,Alaska,77078,Male
Jesus3999, Kyle,Wolfe,61,901North Park,East Windsor,Connecticut,34864,Male
Jackie6548, Rodolfo,Albarracin,33,197Oak Lane,Scotch Plains,Colorodo,63706,Male
Monica4839, Tom,Wolfe,42,284Cottonwood Lane,Alexandria,Alabama,57775,Female
Jackie5996, David,Welch,21,625Spring Street,Franklin,Colorodo,36263,Female
Jennifer500, Henry,Welch,27,292Adams Lane,Union,Florida,47458,Male
Damian1921, Jennifer,Hopkins,21,874Ridge Road,Fairfield,Idaho,53101,Female
Damian2512, Nicole,Banks,40,150North Park,Aberdeen,Hawaii,69334,Female
Damian2383, Rodolfo,Potter,72,282South Park,Montgomery,Hawaii,51668,Female
Sabrina2392, Henry,Fuller,55,7Pinon Street,Cranbury,California,84890,Male
Sabrina5060, David,Albarracin,80,628Pioneer Road,Berlin,Florida,65153,Male
Sabrina531, Jackie,Soto,65,285Maple Street,East Hanover,Alaska,59390,Male
David9274, David,Potter,54,611Washington Street,Rochelle,California,51582,Female
Eric1076, Jennifer,Soto,45,628South Park,Montgomery,Alabama,99552,Male
Jared591, Joseph,Norman,79,389Pioneer Road,Piscataway,Hawaii,91386,Male
Tom631, Jared,Fuller,27,727School Street,Bridgewater,Deleware,82569,Female
Rodolfo5201, Sabrina,Banks,69,421Hill Avenue,South Orange,Colorodo,93041,Male
Jared3038, Damian,Schwartz,26,655Quail Lane,Cherry Hill,Connecticut,78127,Female
Sabrina1251, Henry,Soto,31,72Navajo Road,East Hanover,Hawaii,36263,Female
Kyle2000, Monica,Hopkins,49,53Maple Street,Alexandria,Arizona,22600,Female
Monica3100, Kyle,Schwartz,79,393Navajo Road,Edison,Indiana,98169,Male
Joseph7882, Damian,Brewer,70,504Cedar Avenue,Edgewater Park,Florida,16046,Male
Eric9455, Steven,Soto,65,211Madison Avenue,Lyndhurst,Idaho,24263,Male
Mozart5117, Sabrina,Albarracin,46,754Juniper Street,Rockway,Arkansas,30273,Female
Mary5173, Becca,Debkowski,54,883Palo Verde,Cranbury,California,37564,Female
Mary8123, Steven,Banks,35,200Apache Street,Plainsboro,Illinois,55591,Male
Joseph3979, Kyle,Welch,67,993River Road,Rochelle,Colorodo,95612,Male
Tom186, Kyle,Banks,29,749Forest Street,Bedminster,Indiana,15561,Female
Tom144, Kyle,Albarracin,49,154Willow Street,Bridgewater,Deleware,79509,Male
Becca2809, David,Welch,47,123Washington Street,Gloucester,Idaho,39858,Male
Jesus6582, Henry,Debkowski,46,455Lehua Lane,Stow Creek,Indiana,88124,Male
Jared1025, Jesus,Norman,74,221Lakeview,Piscataway,Georgia,26531,Male
Tom1361, Becca,Schwartz,53,35Sunset Road,Alexandria,Hawaii,29280,Female
Monica9417, Eric,Lagatta,64,717Evergreen,Sparta,Idaho,72342,Male
Mozart2006, Mary,Welch,78,919Apache Street,Haddon,Connecticut,36400,Male
Henry3570, Rodolfo,Fuller,53,651Hillside Street,Hillsborough,Alaska,69787,Male
Jesus9853, Steven,Lagatta,36,538School Street,Piscataway,Alaska,52988,Male
Sabrina1539, David,Albarracin,30,85North Park,Rochelle,Arkansas,46468,Male
Kyle8453, Monica,Hopkins,58,986Ridge Avenue,Roxbury,Alaska,93878,Male
Jennifer8675, Jackie,Norman,33,150Pinon Street,Riverside,Connecticut,49273,Male
David9208, Monica,Lagatta,72,67Center Avenue,East Brunswick,Illinois,34396,Female
Jackie9965, Tom,Hopkins,28,837Laurel Steet,Piscataway,Illinois,79333,Male
David1616, Damian,Potter,79,13Maplestory Road,Riverside,Arkansas,41000,Female
Sabrina2317, David,Brewer,43,579Bay Road,South Brunswick,Colorodo,85273,Female
Jackie1820, Becca,Brewer,79,887Hill Avenue,Edgewater Park,Connecticut,25616,Male
David7720, Kyle,Yson,71,580Ridge Avenue,Robbinsville,Arizona,59966,Male
David6592, Jackie,Schwartz,13,775Wood Avenue,Ewing,Deleware,73980,Male
Helen7037, Sabrina,Schwartz,68,456Lee Street,Haddon,Deleware,46525,Female
Mozart6862, Mary,Potter,21,310Cypress Street,Bernards,Idaho,90398,Female
Jackie3950, Damian,Norman,29,704Forest Street,Bedminster,Deleware,38309,Male
Henry4301, Becca,Fuller,27,983Oak Lane,Stillwater,Connecticut,85285,Male
Monica5512, Joseph,Hopkins,20,737Dogwood Street,East Hanover,Connecticut,46777,Male
Tom5608, Helen,Potter,23,318Bay Road,Parsippany-Troy Hills,Colorodo,18988,Male
Mary9597, Kyle,Banks,68,740Johnson Street,Riverside,Colorodo,98120,Male
Steven439, Jennifer,Fuller,24,191Sycamore Street,Pittsgrove,Arizona,53866,Female
Kyle4508, Jared,Fuller,54,943Dogwood Street,Stillwater,Alaska,89359,Male
Rodolfo9207, Mozart,Hopkins,40,713School Street,Scotch Plains,Colorodo,84867,Male
Sabrina2430, Jennifer,Albarracin,39,586Quail Lane,Scotch Plains,Alaska,74578,Male
Becca6120, Monica,Banks,68,701Center Avenue,Plainsboro,Indiana,41511,Female
Jared958, Sabrina,Wolfe,13,503Hampton Street,Gloucester,Georgia,68338,Female
Eric2834, Joseph,Wolfe,10,92Spruce Street,Allamuchy,Hawaii,80276,Male
Joseph6542, Becca,Hopkins,63,586Court Avenue,Piscataway,Florida,50072,Female
Steven8926, Kyle,Debkowski,77,18Mesquite Road,Robbinsville,Hawaii,64204,Female
Mary7897, David,Albarracin,21,852Orchard Avenue,Princeton,Arizona,60383,Male
Mary1362, Sabrina,Fuller,15,786Sycamore Street,Montgomery,Connecticut,87175,Female
Jennifer618, Monica,Wolfe,37,315Laurel Steet,Teaneck,California,24692,Female
Tom8414, Helen,Wolfe,42,261Court Avenue,Stow Creek,Alaska,61247,Female
David9698, Damian,Lagatta,59,828Palo Verde,Branchburg,Colorodo,14921,Female
Kyle9997, Jackie,Schwartz,50,795Strawberry Avenue,Piscataway,Colorodo,95973,Male
Eric4764, Henry,Yson,10,310Chestnut Avenue,South Orange,Hawaii,43720,Female
Jackie2317, Eric,Banks,33,228Ridge Street,Fairfield,Idaho,89834,Female
Mary615, Becca,Debkowski,10,127Willow Street,Princeton,Hawaii,54061,Female
Mary3282, David,Wolfe,54,824Navajo Road,Robbinsville,Alaska,63503,Male
Mary2356, Jesus,Wolfe,29,603Evergreen,Stillwater,Georgia,98833,Female
Mozart1877, Jesus,Lagatta,37,184River Road,Berlin,Arkansas,77811,Male
Kyle9582, Sabrina,Banks,57,246Davis Road,Bedminster,Deleware,36530,Female
Monica7129, Kyle,Yson,49,825Prospect Street,Allamuchy,Arkansas,26847,Female
Sabrina2579, Helen,Welch,41,971Cypress Street,South Brunswick,Alaska,21476,Male
Sabrina6267, Jared,Banks,58,417Church Street,Fairfield,California,53620,Male
Rodolfo4240, Steven,Schwartz,29,441Cedar Street,Stow Creek,Alabama,29865,Female
Eric3965, Mary,Banks,36,931Spring Street,Montgomery,Deleware,92227,Female
Jennifer9808, Jesus,Schwartz,71,810Cedar Street,Cranbury,Alaska,78208,Female
Damian546, Steven,Lagatta,49,508Palo Verde,East Brunswick,Alabama,85341,Male
Henry2298, Monica,Yson,67,697Hickory Street,Robbinsville,Indiana,12869,Male
Steven709, Jennifer,Banks,80,242Spring Street,Alexandria,California,65716,Male
Damian2317, Rodolfo,Albarracin,15,28Cedar Street,Berlin,Deleware,96449,Female
Jennifer5384, Tom,Lagatta,39,389Lakeview,Princeton,Connecticut,80424,Female
Eric1516, Eric,Banks,64,925Pioneer Road,Sparta,Illinois,33842,Female
Rodolfo2761, Mozart,Schwartz,64,507Bay Road,Rochelle,Alaska,67167,Male
David4892, Nicole,Lagatta,57,395Johnson Street,Riverside,Georgia,69360,Female
Joseph179, Jennifer,Banks,30,836Sycamore Street,Aberdeen,Deleware,46512,Male
Becca8166, Nicole,Fuller,59,882Hickory Street,Lyndhurst,Arizona,15704,Male
Damian7859, Henry,Wolfe,73,65Walnut Street,East Brunswick,Hawaii,22723,Female
Tom5034, Becca,Debkowski,41,286Market Street,Teaneck,Hawaii,96173,Female
Nicole7797, Damian,Fuller,53,885Center Street,Cherry Hill,Hawaii,51908,Male
Joseph5539, Damian,Brewer,51,100Mill Street,Hillsborough,Hawaii,91340,Male
Tom527, Jesus,Norman,50,312Columbine Road,Cranbury,Alabama,21477,Male
Rodolfo2588, Becca,Debkowski,53,994Evergreen,Cranbury,Arkansas,31281,Male
Jennifer2561, Joseph,Fuller,12,94Pinon Street,Rochelle,Alabama,48240,Male
Henry5103, Becca,Welch,26,359Hampton Street,Rockway,Illinois,57271,Female
Jennifer5473, Monica,Potter,79,881Hill Avenue,South Orange,Colorodo,60057,Female
Nicole6987, Mary,Brewer,24,869Market Street,East Brunswick,California,84821,Female
Monica7415, Monica,Soto,39,490Mountain View,Haddon,Colorodo,83097,Male
Tom22, Steven,Banks,26,370Dogwood Street,Teaneck,Arkansas,75396,Male
Rodolfo5062, David,Banks,79,831Narragansett Avenue,Lyndhurst,Alabama,72100,Male
Rodolfo1287, Mozart,Hopkins,10,415Hemlock Road,Franklin,Alabama,61403,Male
Jennifer7446, Henry,Norman,27,343Cedar Avenue,Scotch Plains,Hawaii,39554,Female
Mozart7945, Nicole,Potter,10,985Mountain View,Cherry Hill,Arizona,37596,Female
Monica2873, Mozart,Soto,18,334Orchard Avenue,Scotch Plains,Hawaii,72138,Female
Joseph5998, Mary,Lagatta,39,508Oak Lane,Stow Creek,Indiana,71435,Female
Nicole9296, Jackie,Debkowski,17,200Pinon Street,Rochelle,Indiana,98108,Male
Kyle8919, Jackie,Albarracin,20,489Hampton Street,Branchburg,Indiana,48668,Female
Mozart5271, Henry,Banks,51,446Lakeview,Ewing,Arizona,46348,Female
Helen9573, Rodolfo,Lagatta,64,40Cedar Avenue,Rockway,Indiana,16561,Female
Jackie9178, Mary,Norman,73,241Hemlock,Pittsgrove,Illinois,51055,Female
Jared3210, Jackie,Wolfe,71,971Market Street,Stillwater,Illinois,26295,Male
Mary571, Jennifer,Schwartz,66,228Palo Verde,Stow Creek,Deleware,11305,Male
Jennifer2456, Kyle,Soto,49,331Navajo Road,Edison,California,67922,Male
Henry6339, Sabrina,Albarracin,22,739Prospect Street,Sparta,Idaho,61116,Female
Helen6420, Monica,Wolfe,48,875Madison Avenue,Princeton,Arizona,35814,Male
Helen3871, Helen,Schwartz,10,913Ridge Road,Rockway,Connecticut,81338,Female
David908, Nicole,Albarracin,80,910Airport Lane,Franklin,Alabama,54970,Female
Helen7040, Mozart,Yson,55,425Hampton Street,Cranbury,Colorodo,78153,Male
Jackie4537, Kyle,Debkowski,38,418Market Street,Ewing,Florida,32479,Male
Jesus1686, Joseph,Welch,59,462Laurel Steet,South Hackensack,Arizona,37842,Female
Steven139, Becca,Welch,66,185Mill Street,Edison,Hawaii,60198,Male
Steven383, Henry,Albarracin,44,620Sunset Road,Lyndhurst,Deleware,79023,Male
Mozart5804, Mary,Brewer,65,85Bay Road,Ewing,Arkansas,50437,Male
Nicole8584, Kyle,Soto,45,829Ridge Street,Pittsgrove,Arizona,46052,Male
Helen500, Mary,Lagatta,18,40Aloha Street,Bedminster,Hawaii,66227,Male
Mozart3558, Jesus,Debkowski,66,77Airport Lane,Lyndhurst,Hawaii,93722,Female
Nicole8090, Mary,Yson,77,22Strawberry Avenue,Edgewater Park,Colorodo,57725,Male
Rodolfo2822, Becca,Fuller,41,526South Park,Haddon,Colorodo,92700,Female
Mary9333, Monica,Debkowski,11,606Cedar Avenue,Lyndhurst,Hawaii,56123,Male
Jesus4376, Jesus,Fuller,75,326Lehua Lane,Scotch Plains,Colorodo,62670,Female
Jennifer1921, Damian,Yson,73,687Pioneer Road,Roxbury,Colorodo,29400,Female
Tom2862, Sabrina,Banks,52,82Mill Street,Cherry Hill,Connecticut,47854,Female
Jackie6677, Jared,Albarracin,78,824Meadow Street,Bernards,Alaska,78194,Male
Sabrina9311, Jared,Fuller,64,726Aspen Street,Hillsborough,Idaho,49178,Female
Becca3677, Jackie,Soto,69,316Center Avenue,Pittsgrove,California,20200,Female
Jackie9027, Becca,Brewer,24,88Main Street,Edgewater Park,Idaho,81219,Female
David6941, Jennifer,Yson,12,669Main Street,Edison,Alaska,65880,Female
Mary9572, Mozart,Welch,45,233Spruce Street,Ewing,Indiana,71302,Male
Tom4784, Mary,Yson,51,294Mesquite Road,Parsippany-Troy Hills,Alabama,93236,Male
Becca2135, Mary,Debkowski,13,10Chestnut Avenue,Bridgewater,Alaska,80430,Male
Becca438, Jennifer,Fuller,63,838Hillside Street,Hillsborough,Colorodo,22616,Male
Kyle6716, Sabrina,Brewer,51,477Lehua Lane,Rochelle,Connecticut,88829,Male
Becca2236, Nicole,Albarracin,23,581Pioneer Road,Princeton,Florida,45989,Female
Mary2336, Mary,Fuller,54,850Wood Avenue,Bridgewater,Colorodo,13268,Male
Eric4560, Tom,Debkowski,28,576Strawberry Avenue,Alexandria,Illinois,19704,Female
Steven6640, Kyle,Potter,66,677Willow Street,Cherry Hill,Indiana,17938,Male
Damian4714, David,Soto,39,341Ridge Avenue,Parsippany-Troy Hills,Georgia,76246,Male
Jackie3257, Mary,Yson,51,831Washington Street,Piscataway,California,93760,Male
Mary6144, Jared,Potter,19,606Church Street,Montgomery,Hawaii,94840,Male
Jesus428, Steven,Banks,20,559Airport Lane,Franklin,Indiana,91599,Male
David5696, Mozart,Banks,22,137Market Street,Riverside,Illinois,18788,Male
Eric9785, Jesus,Lagatta,68,125Wood Avenue,Aberdeen,Colorodo,90578,Female
Jennifer130, Mary,Brewer,43,484Mountain View,Rochelle,Connecticut,25296,Female
David3463, Sabrina,Schwartz,46,123Navajo Road,East Windsor,Indiana,98375,Male
Monica554, Mozart,Welch,33,544Hickory Street,South Hackensack,Alabama,79197,Female
Jennifer8147, Jackie,Wolfe,27,925Forest Street,Hillsborough,Deleware,38373,Female
Jackie7375, Rodolfo,Fuller,36,890Oak Lane,Stow Creek,Alaska,43782,Male
Jennifer4616, Jackie,Soto,77,34Church Street,South Orange,Arkansas,15039,Male
Jennifer3182, Mozart,Debkowski,74,913Market Street,Pittsgrove,Alabama,57561,Female
Becca5855, Steven,Debkowski,42,624Hillside Street,Franklin,Deleware,45799,Male
Jennifer4127, Damian,Soto,36,484Lakeview,Montgomery,Arkansas,24714,Female
Henry6029, Jesus,Wolfe,49,194Palo Verde,Robbinsville,Indiana,17758,Male
Nicole542, Steven,Albarracin,44,142Sycamore Street,Edgewater Park,Illinois,57740,Male
Becca6512, Helen,Fuller,37,209Market Street,Bernards,Colorodo,24240,Female
Jackie5991, Damian,Hopkins,17,56Laurel Steet,Piscataway,Alaska,21615,Female
Jared1797, Eric,Brewer,30,456Elm Street,South Brunswick,Arizona,92825,Female
Sabrina6468, Mary,Lagatta,54,377Lakeview,Lyndhurst,Indiana,70481,Female
Monica3327, Monica,Yson,71,295River Road,Ewing,Hawaii,84178,Male
Kyle2260, Helen,Norman,47,844Cedar Avenue,Rockway,Connecticut,31630,Female
Joseph5731, Helen,Hopkins,23,193Shore Street,Hillsborough,Arkansas,92442,Female
Damian4420, Jennifer,Banks,71,612Wood Avenue,East Brunswick,Alabama,90853,Female
Jackie2188, Kyle,Potter,13,40Wood Avenue,Roxbury,Idaho,37402,Female
Kyle7480, Damian,Schwartz,19,274Sycamore Street,Sparta,Alaska,81744,Male
Jesus9722, David,Brewer,45,423Maple Street,Riverside,Alaska,67045,Male
Kyle3359, Jared,Schwartz,30,213Evergreen,Edison,Alabama,46096,Male
Kyle6746, Helen,Soto,37,126Mill Street,East Windsor,California,50208,Female
Becca781, Joseph,Hopkins,78,499Forest Street,South Brunswick,Alabama,16974,Male
Mary7019, Rodolfo,Potter,67,866Walnut Street,South Orange,Idaho,62867,Male
Helen3171, Nicole,Debkowski,43,859Navajo Road,Stow Creek,Deleware,85844,Male
Tom8948, Tom,Wolfe,33,49Jackson Road,East Brunswick,Illinois,92891,Female
Tom5148, Sabrina,Hopkins,39,432Elm Street,Edgewater Park,Deleware,80368,Male
Steven5531, Tom,Potter,63,251Palo Verde,Robbinsville,Georgia,31235,Female
Joseph6469, Jennifer,Wolfe,47,286Ridge Avenue,Gloucester,Idaho,55603,Female
Jackie7547, Jared,Lagatta,28,651Narragansett Avenue,Stow Creek,Georgia,56979,Female
Steven1992, Becca,Yson,34,833Narragansett Avenue,Montgomery,Indiana,52153,Male
Jackie6147, Damian,Fuller,75,959Wood Avenue,Allamuchy,Arizona,32293,Male
Helen1761, David,Fuller,38,480Maplestory Road,South Orange,Alaska,87255,Female
Tom4399, Monica,Lagatta,42,794Maplestory Road,Bernards,Idaho,52675,Male
Henry4494, Kyle,Hopkins,54,785Navajo Road,Ewing,California,87444,Male
Steven7350, Joseph,Soto,78,417Hillside Street,Plainsboro,Deleware,23010,Female
Mary1667, Helen,Schwartz,14,519Apache Street,Lyndhurst,Alabama,88712,Female
Steven3202, Kyle,Debkowski,56,60Church Street,Union,Connecticut,83751,Female
Jennifer4645, Sabrina,Albarracin,36,858Wood Avenue,Berlin,Indiana,30698,Female
Henry8398, Eric,Schwartz,51,376Johnson Street,Pittsgrove,Deleware,25604,Female
Rodolfo3284, Mozart,Albarracin,37,356Airport Lane,Rochelle,Florida,76927,Male
Jackie8849, Becca,Wolfe,30,811Aloha Street,Branchburg,California,28370,Male
Damian7710, Sabrina,Banks,40,692Narragansett Avenue,Piscataway,Arkansas,50774,Female
Tom204, Tom,Debkowski,45,899Mesquite Road,Alexandria,Idaho,69890,Female
Rodolfo9067, Nicole,Fuller,63,357Strawberry Avenue,Cherry Hill,Illinois,46830,Female
Jackie7188, Jackie,Schwartz,17,203Ridge Avenue,Edgewater Park,Georgia,21600,Female
David4966, Mary,Norman,44,933South Park,Alexandria,Deleware,29017,Female
Nicole6163, Damian,Yson,69,11Willow Street,Roxbury,Alabama,15137,Male
Henry2181, Nicole,Schwartz,33,24Bay Road,Sparta,Colorodo,75697,Female
Steven4605, David,Welch,19,9Highland Road,Piscataway,California,21098,Female
Eric8849, Becca,Welch,63,669South Park,Alexandria,California,45597,Male
Monica5525, Rodolfo,Welch,28,47Sunset Road,Berlin,Arkansas,39219,Male
Jackie9895, Mozart,Schwartz,22,412Johnson Street,Scotch Plains,Hawaii,47243,Male
Sabrina495, Becca,Welch,52,973Center Street,Haddon,Arkansas,73734,Male
Helen9704, Kyle,Fuller,12,895South Park,Ewing,Florida,91960,Male
Eric5196, Jackie,Norman,67,555Evergreen,Franklin,Colorodo,18167,Female
Rodolfo3575, Steven,Fuller,35,632Prospect Street,Berlin,Florida,49541,Female
Monica1538, Mozart,Soto,67,208Mountain View,Fairfield,Georgia,90718,Female
Damian5275, Jennifer,Hopkins,20,74Market Street,South Hackensack,Florida,82771,Female
Damian9401, Sabrina,Yson,25,560Adams Lane,Berlin,Idaho,69815,Female
Tom9472, Helen,Welch,44,531Forest Street,Edgewater Park,California,62788,Female
Henry1805, Kyle,Soto,63,789Laurel Steet,Hillsborough,Indiana,70521,Male
Monica6535, Becca,Fuller,14,785Spruce Street,Stow Creek,Idaho,26937,Male
Tom1983, Damian,Hopkins,25,366Palo Verde,Bedminster,California,62126,Female
Sabrina5398, Steven,Potter,78,236Magnolia,Bridgewater,Florida,94918,Male
Jackie2834, Jackie,Schwartz,14,143Jackson Road,Franklin,Arkansas,21944,Female
Rodolfo1657, Becca,Schwartz,70,786Spruce Street,Sparta,Florida,35451,Male
Sabrina6828, Jesus,Soto,63,750Ridge Road,Ewing,Connecticut,66793,Female
Tom2690, Mary,Banks,73,523Wood Avenue,Bedminster,Hawaii,90750,Female
Jennifer3378, Mozart,Banks,59,582Cherry Avenue,Bernards,Idaho,15247,Male
Sabrina722, Joseph,Fuller,13,601Cottonwood Lane,Scotch Plains,Georgia,74868,Male
Eric1623, Nicole,Schwartz,29,309Orchard Avenue,Haddon,Alaska,50846,Female
David333, Steven,Norman,28,724Ridge Street,Rochelle,Florida,78446,Male
Kyle5822, Damian,Fuller,77,282Sunset Road,Hillsborough,Indiana,27404,Male
Becca3931, Mary,Potter,50,519Lehua Lane,Hillsborough,Arizona,35245,Male
Helen5023, Helen,Brewer,44,269Quail Lane,Montgomery,California,14234,Male
Monica8836, Eric,Norman,75,895Adams Lane,Princeton,Arkansas,76635,Male
Henry8689, Jared,Brewer,44,691Church Street,East Brunswick,Alabama,86555,Male
Damian1789, Jackie,Schwartz,62,192Madison Avenue,Edgewater Park,Alabama,64041,Male
Steven6716, Helen,Lagatta,48,992Maple Road,Ewing,Hawaii,85819,Female
Mary7278, Jennifer,Potter,10,166Oak Lane,Princeton,California,23085,Male
Henry7726, Helen,Potter,35,547Highland Road,Allamuchy,Alaska,47826,Male
Steven390, Damian,Soto,28,191Spring Street,Bernards,Alaska,27844,Male
Tom6411, Mary,Banks,15,742Court Avenue,Franklin,Arkansas,59983,Male
Damian8712, Monica,Brewer,32,279Mesquite Road,Gloucester,Connecticut,87091,Male
Nicole9352, Damian,Lagatta,14,632Bay Road,East Windsor,Illinois,28692,Female
Eric1658, Tom,Hopkins,17,67Center Avenue,Pittsgrove,Deleware,28881,Male
Kyle2972, David,Albarracin,18,969Bay Road,Branchburg,Connecticut,94066,Male
Jennifer5425, Mary,Albarracin,68,129Lehua Lane,South Brunswick,Colorodo,91748,Female
Jared4464, Jesus,Lagatta,49,643Hill Avenue,South Orange,Alaska,63063,Female
Rodolfo7243, Joseph,Norman,80,932Ridge Avenue,Stillwater,Illinois,84004,Female
Damian6964, Becca,Potter,60,581Apache Street,Stillwater,Hawaii,54477,Female
Nicole8908, Mozart,Debkowski,52,194Pinon Street,East Windsor,Illinois,27462,Female
Tom6398, Jared,Lagatta,36,940Strawberry Avenue,Piscataway,Deleware,12267,Male
Sabrina841, Eric,Wolfe,27,674Wood Avenue,Sparta,California,94620,Female
Joseph2817, Tom,Banks,60,289Walnut Street,Montgomery,Idaho,71222,Male
Helen2489, Helen,Yson,20,44Lehua Lane,South Brunswick,Georgia,73881,Male
Joseph504, Joseph,Fuller,51,367Cottonwood Lane,Piscataway,Connecticut,73882,Male
Eric4937, David,Wolfe,78,139Sycamore Street,East Hanover,Illinois,61776,Male
Tom6575, Mary,Brewer,23,297Johnson Street,East Hanover,Florida,38925,Male
Kyle4600, Kyle,Fuller,32,786Spruce Street,Montgomery,Idaho,36360,Male
Monica6616, Jesus,Lagatta,14,628Cedar Street,Aberdeen,Colorodo,51978,Male
Helen8294, Jared,Lagatta,60,919Johnson Street,Plainsboro,Hawaii,39767,Male
Sabrina5374, David,Brewer,19,972Mill Street,Hillsborough,Idaho,69931,Male
Joseph4459, Nicole,Banks,46,562School Street,Cherry Hill,Illinois,23903,Female
Sabrina1764, Monica,Schwartz,39,354Hemlock Road,Rochelle,Alabama,62909,Female
Eric1323, Eric,Banks,61,819Main Street,Branchburg,Illinois,26590,Male
Rodolfo7750, Joseph,Welch,12,66Cottonwood Lane,Gloucester,Arkansas,87884,Female
Jesus2001, David,Yson,35,386Washington Street,Allamuchy,Colorodo,63061,Male
Jared3934, Jennifer,Welch,37,701Navajo Road,Bernards,Colorodo,86180,Male
David1375, Nicole,Yson,58,988Adams Lane,Haddon,Georgia,71136,Female
Mozart3952, Jesus,Potter,12,550Willow Street,Piscataway,Alabama,66397,Female
Monica7902, Sabrina,Norman,56,765Court Avenue,Aberdeen,Alaska,36077,Female
Rodolfo334, Kyle,Wolfe,47,240Strawberry Avenue,Edgewater Park,Idaho,83105,Female
Sabrina3142, Jackie,Hopkins,19,957Center Avenue,Cherry Hill,Alabama,50841,Male
Mozart8101, Joseph,Lagatta,22,788Aspen Street,Cranbury,Connecticut,74341,Male
Jackie9567, Joseph,Brewer,19,186Chestnut Avenue,Alexandria,California,67960,Female
David9772, David,Debkowski,67,609Juniper Street,Union,Idaho,42335,Male
Helen5969, Eric,Debkowski,17,38Market Street,Rockway,Alabama,26417,Male
Rodolfo3702, Mozart,Lagatta,28,163Elm Street,Plainsboro,California,52907,Male
Nicole531, Nicole,Hopkins,73,467Canyon Street,Edgewater Park,Arkansas,54487,Female
Eric5936, Tom,Yson,56,842Chestnut Avenue,Pittsgrove,Georgia,29998,Male
Kyle5199, Eric,Norman,14,106Narragansett Avenue,Union,Colorodo,37932,Male
Jackie2466, Jared,Fuller,31,506School Street,East Hanover,California,47346,Female
Helen1393, Helen,Wolfe,73,900Sycamore Street,Lyndhurst,Arizona,29829,Male
Tom445, Monica,Albarracin,50,358Mill Street,Branchburg,Alaska,92381,Female
Steven2513, Becca,Fuller,40,529Oak Lane,Edgewater Park,Connecticut,77856,Female
Jennifer1530, David,Schwartz,21,666Hill Avenue,Franklin,Alaska,22109,Male
Henry9264, Sabrina,Lagatta,69,86Hickory Street,Edison,Indiana,59241,Male
Becca62, Nicole,Hopkins,63,812Lee Street,South Orange,Alaska,17693,Male
Joseph3216, Henry,Wolfe,15,79Lee Street,Edison,Indiana,52190,Female
David8489, Jennifer,Fuller,37,43Wood Avenue,Montgomery,Arkansas,21703,Male
Steven7349, Tom,Debkowski,29,454Laurel Steet,Scotch Plains,Georgia,71433,Male
Jackie497, Mozart,Schwartz,80,942Chestnut Avenue,Teaneck,Illinois,95384,Male
Henry7890, Becca,Potter,57,475Columbine Road,Stow Creek,Alaska,26451,Male
Tom2639, Sabrina,Potter,40,498Airport Lane,Riverside,Florida,62382,Male
Sabrina7559, Monica,Lagatta,48,795Navajo Road,Rockway,Colorodo,22544,Male
Mozart6453, Mary,Fuller,67,588Dogwood Street,Bridgewater,Alaska,90799,Female
Becca648, Rodolfo,Fuller,43,901Columbine Road,Aberdeen,Colorodo,64688,Male
Helen4853, Henry,Banks,68,352Hemlock,Piscataway,Deleware,61081,Male
Nicole8232, Damian,Albarracin,20,669Maple Road,Rockway,Colorodo,55788,Female
Tom5471, Damian,Albarracin,50,269Cypress Street,Cherry Hill,Arizona,54077,Male
Jared6469, Jesus,Potter,32,432Columbine Road,Union,Arizona,38499,Female
Eric13, Henry,Fuller,47,286Navajo Road,Berlin,Arizona,48668,Male
Sabrina9786, Steven,Debkowski,23,304Birch Street,Pittsgrove,Idaho,58120,Female
Becca1116, Damian,Lagatta,68,906Hillside Street,Union,Indiana,72416,Male
Kyle4516, Tom,Brewer,31,594South Park,East Windsor,Illinois,43496,Female
Jennifer679, Kyle,Wolfe,32,786Pinon Street,Roxbury,California,24367,Male
Damian6674, Steven,Hopkins,14,668Highland Road,Scotch Plains,Colorodo,22824,Male
Steven1278, Rodolfo,Brewer,27,54Prospect Street,Branchburg,Alabama,74010,Female
Tom3689, Jesus,Welch,20,903Aloha Street,South Orange,Florida,65297,Male
Jennifer7199, Becca,Lagatta,12,375Washington Avenue,Pittsgrove,Indiana,27537,Female
David7595, Sabrina,Yson,53,692Court Street,Bernards,Idaho,38645,Male
Steven1701, Damian,Schwartz,66,489Cypress Street,Stow Creek,Connecticut,93203,Female
Jennifer3965, Jared,Albarracin,11,405Spruce Street,Montgomery,Alaska,47947,Female
Steven9199, Steven,Soto,28,735Bay Road,South Orange,Illinois,15676,Male
Eric2492, Eric,Norman,64,149Johnson Street,Allamuchy,Georgia,87799,Female
Becca9621, Eric,Norman,45,916Cedar Avenue,Bridgewater,Illinois,93867,Male
David2791, Eric,Banks,32,366Juniper Street,Riverside,Deleware,63007,Female
Monica7017, Helen,Debkowski,79,39Ridge Avenue,Lyndhurst,Idaho,77587,Female
Steven3403, Nicole,Albarracin,48,34Elm Street,Edgewater Park,Alaska,69332,Male
Becca9399, Monica,Lagatta,56,779Hickory Street,Stow Creek,Idaho,59947,Female
Damian6947, Mary,Potter,44,799Maple Street,Robbinsville,Alabama,59730,Male
Becca9034, Eric,Norman,73,441Court Street,Montgomery,Connecticut,47896,Female
Helen9889, Tom,Brewer,50,595Maple Road,Berlin,Alabama,85636,Female
Jesus5480, Monica,Norman,79,152Court Avenue,Gloucester,Florida,52988,Female
Joseph9224, Mozart,Schwartz,25,74Mountain View,Aberdeen,Deleware,16276,Male
Eric4810, Mary,Albarracin,41,380Ridge Street,East Hanover,Alaska,99386,Female
Nicole2620, Rodolfo,Potter,13,173Maple Road,Cherry Hill,Connecticut,61000,Male
Damian8923, Mozart,Debkowski,76,490Madison Avenue,Allamuchy,Idaho,62476,Female
Becca9378, David,Banks,73,128Quail Lane,Franklin,Hawaii,53640,Female
Helen3849, Jesus,Wolfe,78,949Ridge Road,East Windsor,Illinois,23442,Female
David8438, Damian,Soto,20,532Hemlock,East Windsor,Alaska,35490,Male
Kyle2269, Tom,Norman,36,223Ridge Avenue,Riverside,Arkansas,47047,Male
Henry8311, Sabrina,Banks,17,155Navajo Road,Allamuchy,Alabama,52576,Male
Kyle462, Monica,Welch,77,586Prospect Street,Fairfield,Arkansas,32737,Female
Nicole7891, Mozart,Schwartz,29,551Cedar Street,Parsippany-Troy Hills,Colorodo,55178,Female
Becca713, Becca,Yson,43,243Shore Street,Hillsborough,Connecticut,60756,Male
Mary7606, Monica,Wolfe,24,621Oak Lane,Alexandria,Deleware,91112,Female
Joseph2205, Jackie,Yson,60,489Palo Verde,Berlin,California,97669,Male
Jesus3309, Kyle,Potter,33,326Walnut Street,Scotch Plains,Illinois,92294,Female
Mary5221, Monica,Soto,13,920Maplestory Road,Alexandria,Indiana,78639,Male
Monica1193, David,Hopkins,78,446Washington Avenue,Franklin,Colorodo,45629,Female
Eric1364, Kyle,Soto,10,904Spruce Street,Union,Arkansas,66169,Male
Mary1360, Eric,Yson,41,539Willow Street,Scotch Plains,Colorodo,55439,Female
Jennifer6292, Eric,Yson,27,567Laurel Steet,Edison,Connecticut,40801,Male
Mozart8392, Nicole,Yson,42,569Maple Street,Branchburg,Idaho,85042,Female
Nicole3588, Sabrina,Wolfe,27,578Johnson Street,South Brunswick,Arizona,91229,Female
Jesus9287, Mozart,Brewer,54,720Orchard Avenue,Bedminster,Indiana,32427,Female
Jesus7502, Sabrina,Norman,72,111Market Street,Piscataway,Illinois,46061,Female
Joseph2532, Tom,Welch,57,859Walnut Street,Scotch Plains,Georgia,31933,Male
Sabrina9632, Jennifer,Debkowski,15,755Center Avenue,Robbinsville,Deleware,24267,Female
Jesus7790, Becca,Hopkins,58,394Hill Avenue,Princeton,Alabama,75003,Female
Helen1988, Nicole,Lagatta,21,877Laurel Steet,Aberdeen,California,96834,Female
Sabrina4131, Eric,Norman,40,645Canyon Street,Piscataway,Arizona,52693,Female
Henry9853, David,Brewer,77,149Elm Street,Haddon,Idaho,58933,Female
Eric7038, Nicole,Debkowski,61,471North Park,South Hackensack,Connecticut,79691,Male
Helen6412, Steven,Albarracin,75,774North Park,Montgomery,Indiana,16565,Male
Mozart6816, Joseph,Wolfe,49,101Maplestory Road,South Hackensack,Florida,79861,Female
Tom4084, Tom,Norman,41,581Juniper Street,Edison,Florida,83170,Male
Jared9251, Kyle,Soto,51,722Court Street,Parsippany-Troy Hills,California,83867,Male
Helen8307, Helen,Fuller,58,745Ridge Avenue,East Brunswick,Hawaii,17418,Female
Damian5544, Damian,Norman,23,886Davis Road,Branchburg,Florida,33404,Male
Henry5448, Jared,Potter,79,949Willow Street,East Hanover,Hawaii,94959,Female
Kyle9210, Damian,Welch,73,222Meadow Street,Riverside,Idaho,32312,Female
Mozart1986, David,Brewer,68,695Meadow Street,Stillwater,Colorodo,21023,Male
Tom7158, Joseph,Norman,56,251Shore Street,Gloucester,California,17349,Female
Henry4729, Jackie,Wolfe,27,41Highland Road,Robbinsville,Arkansas,47441,Female
Mozart6201, Eric,Welch,12,328Highland Road,Hillsborough,Colorodo,93850,Male
Mary5615, Damian,Yson,67,477Narragansett Avenue,Plainsboro,Illinois,86309,Female
Mozart7841, Sabrina,Soto,65,576Hemlock Road,Allamuchy,Indiana,48322,Female
Monica8482, Tom,Brewer,25,550Maplestory Road,Cherry Hill,Alabama,37353,Male
Monica6542, Monica,Welch,68,481Johnson Street,Edison,Hawaii,39596,Female
Rodolfo1686, Helen,Norman,32,558Madison Avenue,East Brunswick,Georgia,70046,Female
Jared2911, David,Welch,76,275Cottonwood Lane,Allamuchy,Arkansas,52765,Male
Damian3890, Damian,Wolfe,61,571Mesquite Road,Parsippany-Troy Hills,Arkansas,82100,Female
Nicole9633, Damian,Yson,32,453Madison Avenue,Branchburg,Alaska,37348,Female
Tom382, Damian,Brewer,78,606Pioneer Road,Gloucester,Illinois,66321,Male
Kyle4651, Mary,Soto,20,561Laurel Steet,Franklin,California,47584,Male
Sabrina5963, Mary,Brewer,39,85Center Street,Sparta,Alabama,51476,Male
Kyle4910, Jared,Soto,69,261Court Avenue,Franklin,California,86635,Male
Kyle9909, Mozart,Yson,58,442Bay Road,Hillsborough,Connecticut,23343,Male
Tom8136, Jackie,Debkowski,23,993Mountain View,Bridgewater,Alabama,46137,Male
Steven8875, Jared,Norman,31,669Adams Lane,Haddon,Connecticut,89268,Male
Jackie1449, Helen,Schwartz,62,861Cedar Avenue,Union,Connecticut,48239,Female
Eric8080, Damian,Yson,41,603Strawberry Avenue,Bedminster,Arizona,84962,Female
Jesus1671, Monica,Lagatta,29,11Airport Lane,Rochelle,Hawaii,98611,Male
David2496, Tom,Soto,68,223Bay Road,Sparta,Florida,36528,Male
David1351, Jared,Yson,23,261Mill Street,Berlin,Arkansas,55930,Male
Jesus1776, Nicole,Schwartz,35,611Aloha Street,Stow Creek,Illinois,98124,Female
Helen8043, Joseph,Soto,41,197Lakeview,East Hanover,Deleware,34262,Male
Becca4566, Eric,Soto,14,6Mountain View,Aberdeen,Connecticut,68251,Male
Monica7828, Joseph,Debkowski,73,571Dogwood Street,Edgewater Park,Florida,48898,Female
Monica4089, Jared,Potter,28,345Madison Avenue,Bridgewater,Deleware,32495,Female
Steven6757, Tom,Potter,62,336Wood Avenue,Lyndhurst,Idaho,23028,Female
Mozart970, Mozart,Hopkins,34,364Ridge Street,Bridgewater,Alabama,87409,Male
Joseph3640, Kyle,Lagatta,15,958Ridge Avenue,Ewing,Alabama,18442,Male
Eric8477, Steven,Banks,66,503Maplestory Road,East Brunswick,Connecticut,56776,Male
Jesus1305, Jennifer,Potter,49,889Cottonwood Lane,Rockway,Connecticut,37680,Female
Damian5868, Damian,Yson,57,479Sycamore Street,Bridgewater,Colorodo,46601,Female
Rodolfo5390, Kyle,Wolfe,27,7Willow Street,Sparta,Alabama,85300,Male
Steven3629, Tom,Debkowski,34,931Ridge Road,Pittsgrove,Alaska,42913,Male
Jackie8847, Henry,Hopkins,39,731Narragansett Avenue,Berlin,Georgia,21945,Male
Mary5489, Helen,Potter,73,883Spring Street,East Brunswick,Georgia,91416,Female
David9198, Henry,Brewer,22,324Cedar Avenue,Lyndhurst,Colorodo,30812,Male
Monica4337, Becca,Albarracin,64,662Narragansett Avenue,South Hackensack,Deleware,48488,Female
Rodolfo7099, David,Hopkins,10,964Prospect Street,Parsippany-Troy Hills,Hawaii,31050,Female
Joseph2782, Mozart,Fuller,49,140Willow Street,Robbinsville,Florida,19264,Male
Monica6407, Henry,Schwartz,19,97Market Street,Lyndhurst,Alabama,69533,Female
Sabrina6603, Jared,Welch,47,749Hemlock Road,Franklin,Idaho,28899,Female
Nicole3116, Eric,Lagatta,55,213Mountain View,Parsippany-Troy Hills,Florida,54281,Male
Sabrina3107, Eric,Debkowski,62,822Juniper Street,South Brunswick,Arkansas,48466,Male
Henry3338, Helen,Fuller,45,420Cedar Avenue,Pittsgrove,Florida,35814,Male
Nicole7738, Jesus,Debkowski,50,316Walnut Street,Allamuchy,Georgia,78099,Female
Tom2939, Joseph,Fuller,18,604Jackson Road,Alexandria,Connecticut,65142,Male
Rodolfo9452, Jesus,Banks,67,452Aloha Street,Haddon,Colorodo,71670,Male
Jennifer3733, David,Wolfe,33,908Willow Street,East Brunswick,Alaska,86220,Male
Kyle276, Eric,Potter,24,882Palo Verde,Pittsgrove,Alabama,84427,Male
Sabrina3948, Joseph,Albarracin,77,76Market Street,East Brunswick,Alaska,33750,Female
David6556, Mary,Norman,40,264Adams Lane,Piscataway,Indiana,91182,Male
David1288, Kyle,Albarracin,16,505Oak Lane,Hillsborough,Alabama,70854,Male
Jennifer4158, Steven,Schwartz,53,315Cherry Avenue,East Windsor,Deleware,28302,Female
Monica4311, Monica,Welch,42,782River Road,Branchburg,California,55453,Male
Joseph677, Sabrina,Brewer,50,68Washington Street,Stow Creek,Hawaii,34824,Male
Jennifer5101, Jared,Albarracin,23,887School Street,Parsippany-Troy Hills,Connecticut,62609,Female
Joseph9157, Kyle,Norman,63,719Willow Street,South Hackensack,Indiana,21124,Female
Mozart9400, Nicole,Schwartz,15,960Ridge Avenue,Scotch Plains,Illinois,56737,Male
Jesus6325, Eric,Wolfe,21,327Cottonwood Lane,Pittsgrove,Arkansas,25195,Female
Jackie8797, Damian,Hopkins,42,770Washington Street,East Windsor,Alaska,66437,Female
Becca9003, Jackie,Lagatta,50,355Lee Street,Union,Florida,63975,Male
Jesus3298, Monica,Lagatta,42,322Birch Street,Bernards,California,37335,Male
Joseph8747, Eric,Norman,15,538Main Street,Piscataway,Deleware,76191,Female
Sabrina1259, Mozart,Fuller,69,351Lee Street,Teaneck,California,80475,Female
Jared5377, Jennifer,Welch,35,438Market Street,East Windsor,Alabama,37008,Female
Kyle7749, Kyle,Lagatta,61,727Juniper Street,Bridgewater,Arizona,36029,Female
Monica2710, Jesus,Brewer,80,96Ridge Avenue,Alexandria,Hawaii,16786,Male
Damian8261, Helen,Fuller,20,34Jackson Road,Alexandria,Connecticut,44168,Male
Nicole809, Joseph,Debkowski,47,368Lehua Lane,Cranbury,Colorodo,77620,Male
Rodolfo3828, Sabrina,Fuller,11,685Wood Avenue,Aberdeen,Illinois,26146,Female
Joseph3800, Tom,Brewer,64,302Ridge Road,Alexandria,Hawaii,70680,Male
David4506, Jennifer,Lagatta,74,544Adams Lane,Berlin,Idaho,60835,Male
Jesus4137, Jared,Fuller,15,289Strawberry Avenue,Cherry Hill,Illinois,97873,Male
Nicole7361, Damian,Debkowski,17,844Orchard Avenue,Plainsboro,Arkansas,87356,Male
Jackie8503, Tom,Banks,51,15Navajo Road,Edison,Connecticut,78340,Male
Jared922, Nicole,Hopkins,42,726Davis Road,Ewing,Hawaii,37329,Female
Henry2281, Nicole,Norman,38,248Hemlock Road,Teaneck,Alabama,36195,Female
Mary8032, Henry,Wolfe,77,480Oak Lane,Piscataway,Alaska,21295,Female
Sabrina6927, Nicole,Schwartz,39,480Airport Lane,Edison,Deleware,27401,Male
Mozart3619, Jennifer,Lagatta,11,989Wood Avenue,South Hackensack,Georgia,26302,Female
Joseph2098, Henry,Albarracin,62,652Quail Lane,Princeton,Arkansas,35165,Male
Sabrina8870, Eric,Potter,37,421Spruce Street,Roxbury,Florida,75653,Male
Joseph7180, Mozart,Brewer,67,727Market Street,Pittsgrove,Illinois,82629,Male
Becca3883, Nicole,Schwartz,23,681Pinon Street,East Brunswick,Georgia,91749,Female
Joseph8537, Monica,Soto,33,973Pioneer Road,Cranbury,Georgia,93622,Male
Joseph5165, Kyle,Yson,46,209Hickory Street,Rockway,Alaska,83223,Male
Kyle2126, Monica,Welch,78,673Mesquite Road,Berlin,Arkansas,53178,Male
Rodolfo6260, Joseph,Potter,43,444Cherry Avenue,East Windsor,Connecticut,37015,Male
Tom2262, Eric,Brewer,12,302Quail Lane,Plainsboro,Indiana,70623,Female
Mary3553, Sabrina,Fuller,11,776Court Street,Edison,Georgia,19329,Male
Joseph4450, Jared,Hopkins,23,55Main Street,Riverside,California,43402,Female
Joseph3757, Damian,Wolfe,62,191Juniper Street,South Orange,Hawaii,14132,Female
Jared7172, Mary,Banks,76,74Washington Avenue,Parsippany-Troy Hills,Indiana,72646,Female
Joseph9897, Kyle,Lagatta,69,879Johnson Street,Aberdeen,Florida,99800,Male
Henry7475, Henry,Banks,17,825Meadow Street,Scotch Plains,Florida,53662,Male
Steven5720, Jared,Debkowski,24,707Palo Verde,Bernards,Hawaii,19077,Female
Damian2115, Mozart,Soto,79,791Palo Verde,East Windsor,Florida,27329,Female
Tom8088, Tom,Debkowski,24,809Hickory Street,Piscataway,Alabama,70528,Female
Mary9140, Monica,Welch,22,61Walnut Street,Scotch Plains,Alaska,23006,Female
Damian5265, Jared,Welch,15,771Mesquite Road,South Hackensack,Georgia,74103,Male
Henry4160, Monica,Welch,77,249Aspen Street,Montgomery,Florida,50799,Male
Damian5007, Jackie,Debkowski,71,737Aloha Street,Sparta,Illinois,37712,Male
Henry8283, Damian,Debkowski,32,274Washington Avenue,Berlin,Deleware,63126,Female
Jared75, Damian,Lagatta,73,211Cedar Avenue,Montgomery,Indiana,27624,Male
Rodolfo5951, Jennifer,Wolfe,27,964Spruce Street,Alexandria,Deleware,12300,Male
Nicole8996, Becca,Schwartz,57,813Shore Street,Haddon,Hawaii,81643,Female
Jennifer2766, Jennifer,Hopkins,80,264Narragansett Avenue,Roxbury,Florida,57776,Female
Jackie2343, Tom,Hopkins,11,256River Road,Sparta,Florida,87695,Male
Jackie5871, Jennifer,Brewer,37,569Bay Road,Rockway,Georgia,65836,Female
Steven1728, David,Welch,65,793Evergreen,South Hackensack,Idaho,82026,Male
Helen3323, Joseph,Schwartz,80,64Lee Street,Hillsborough,Deleware,55030,Male
Mary2251, Steven,Lagatta,60,282Cypress Street,Bernards,Connecticut,43117,Female
Jennifer7205, Damian,Yson,48,859Cottonwood Lane,Alexandria,Connecticut,97580,Male
Jackie6950, Sabrina,Hopkins,42,185Meadow Street,Aberdeen,Deleware,51561,Female
Damian1236, Kyle,Yson,51,382Ridge Avenue,Union,California,77402,Female
Jennifer4222, Monica,Debkowski,80,227Cottonwood Lane,Bedminster,Georgia,24236,Female
Helen8558, Rodolfo,Welch,62,361School Street,Bernards,Arizona,49598,Female
Mozart320, Steven,Banks,13,975Wood Avenue,Scotch Plains,Idaho,18623,Male
Sabrina1497, Nicole,Soto,79,639Columbine Road,Bedminster,Indiana,78247,Male
Jennifer2212, Jennifer,Fuller,64,147Center Street,South Hackensack,Illinois,22592,Female
Mozart9094, Joseph,Hopkins,57,664Forest Street,Robbinsville,Idaho,24129,Female
Mary7009, Mary,Wolfe,16,728Willow Street,Alexandria,Colorodo,37227,Female
Helen9042, Jennifer,Welch,51,568Cedar Avenue,Haddon,Colorodo,33441,Female
David6429, Kyle,Fuller,16,70Maple Street,Montgomery,Alaska,18247,Male
Kyle7676, David,Brewer,56,959Quail Lane,East Windsor,Arizona,48967,Female
Mary9238, Mozart,Welch,69,15Chestnut Avenue,East Windsor,Florida,33230,Male
Jennifer5002, Rodolfo,Hopkins,29,557Cedar Avenue,Berlin,Deleware,64207,Male
Becca5965, Eric,Fuller,68,733Prospect Street,Hillsborough,Georgia,26941,Female
Steven9571, Damian,Yson,58,55Hickory Street,Cherry Hill,Indiana,92805,Male
David94, Eric,Debkowski,27,8Laurel Steet,Stillwater,Deleware,24780,Male
Jackie3861, Eric,Welch,34,809Birch Street,Branchburg,Hawaii,84926,Male
Steven8370, Eric,Welch,18,783Cedar Avenue,Stow Creek,Hawaii,17843,Female
Rodolfo7255, Damian,Debkowski,62,980Navajo Road,Hillsborough,Hawaii,89333,Male
Mozart6626, Kyle,Albarracin,22,87Aloha Street,South Hackensack,Indiana,26693,Male
