USER_ID,RUID,DEGREE,CAMPUS,YEAR
Mozart1128,763529153,Political Science,Newark,Sophomore
Jesus2782,121116837,Political Science,Camden,Senior
Nicole809,801609809,Other (Liberal Arts),Newark,Junior
Kyle2260,901782714,Psychology,Newark,Junior
Jennifer3733,399211774,Psychology,Camden,Junior
Monica7129,988897746,Neuroscience,New Brunswick,Sophomore
Jennifer7199,656839089,Other (STEM),Newark,Freshman
Jesus594,727403322,Neuroscience,Newark,Sophomore
Becca8166,162473999,Other (Liberal Arts),Newark,Freshman
Jackie9178,587103600,Genetics,Camden,Senior
Monica1824,448827083,Political Science,New Brunswick,Senior
Mozart8904,810467320,Engineering,Newark,Freshman
Jennifer679,140672084,Political Science,New Brunswick,Senior
Henry8161,574028354,Engineering,New Brunswick,Senior
Jennifer5002,583199303,Computer Science,Newark,Junior
David4506,523153977,Engineering,New Brunswick,Sophomore
Becca4276,291210428,Biology,Newark,Sophomore
Rodolfo8995,287086316,Other (STEM),Newark,Junior
David3232,428563768,Pre-med,Newark,Senior
Mozart8101,258327626,Psychology,Newark,Sophomore
Jesus5459,446091849,Neuroscience,Camden,Junior
Jackie6677,784364083,Other (Liberal Arts),Newark,Sophomore
Jackie2188,829490043,Chemistry,Camden,Senior
Henry4301,621846245,Genetics,New Brunswick,Freshman
Rodolfo5951,982525977,Genetics,Camden,Junior
Mozart9094,728589974,Computer Science,Newark,Sophomore
Mary8032,774930173,Other (STEM),Camden,Sophomore
Mozart8434,498020866,Genetics,Newark,Senior
Jennifer3758,925308691,Psychology,Newark,Freshman
Tom186,283719148,Psychology,Camden,Junior
Joseph3640,191733993,Other (Liberal Arts),Camden,Senior
Helen500,311720569,Art,Newark,Freshman
Monica3467,592670258,Chemistry,New Brunswick,Sophomore
Jared9947,328230269,Political Science,Camden,Freshman
Tom186,130889448,Neuroscience,New Brunswick,Freshman
Jesus2448,580405059,Political Science,Camden,Senior
Jesus8597,743034344,Other (Liberal Arts),Camden,Junior
Joseph3800,977861200,Computer Science,New Brunswick,Senior
Tom22,447484753,Chemistry,New Brunswick,Senior
Jesus1776,532563281,Psychology,Camden,Senior
Mozart295,913183306,Computer Science,Camden,Sophomore
Jennifer9781,424750766,Other (Liberal Arts),Camden,Sophomore
Jennifer4402,922076825,Neuroscience,Newark,Sophomore
Mary1152,292558475,Other (Liberal Arts),Camden,Freshman
Jackie6147,447829769,Political Science,Newark,Junior
Tom186,592986916,Computer Science,Camden,Senior
Rodolfo2458,323465909,Chemistry,New Brunswick,Freshman
Jennifer2889,131879330,Other (Liberal Arts),New Brunswick,Senior
Mary8195,720594359,Linguistics,Camden,Sophomore
Becca273,110561000,Biology,Newark,Junior
Monica1786,912876475,English,Camden,Senior
Jared9251,286797564,Art,Camden,Junior
Jesus5480,469805686,Engineering,Newark,Freshman
Monica1538,531750928,Psychology,Newark,Sophomore
Tom1983,800448414,Pre-med,Newark,Senior
Becca6056,235548106,Other (STEM),Newark,Freshman
Monica1824,639346524,Psychology,New Brunswick,Senior
Jennifer7205,461271523,Neuroscience,New Brunswick,Junior
Mozart6453,355087753,Art,New Brunswick,Junior
Helen3027,208454188,Linguistics,New Brunswick,Freshman
Kyle2260,689541876,Computer Science,Newark,Junior
Joseph5034,590771826,Computer Science,Newark,Freshman
Eric2834,766334310,Psychology,Camden,Senior
Tom159,258002672,Neuroscience,New Brunswick,Freshman
Jesus1671,282855967,Pre-med,Newark,Senior
Steven4543,116876586,Biology,Newark,Junior
Monica3935,549990513,Psychology,Newark,Senior
Joseph5165,510969398,Neuroscience,New Brunswick,Freshman
David2496,664715092,Engineering,New Brunswick,Junior
Mary1360,269799124,Biology,Camden,Senior
Nicole7101,350730895,Neuroscience,Camden,Junior
Becca781,287279939,Computer Science,Camden,Sophomore
Eric3832,252279646,Chemistry,Camden,Freshman
Jesus4376,539690349,Genetics,New Brunswick,Freshman
Sabrina1776,716302599,Art,Camden,Junior
Sabrina6026,703311776,Linguistics,Newark,Junior
Jesus2206,348097722,Linguistics,Camden,Junior
Mary9238,781893793,Political Science,Camden,Sophomore
Mary3553,875632068,Political Science,Newark,Junior
Damian641,404102356,Linguistics,New Brunswick,Sophomore
Henry9264,107664847,Computer Science,New Brunswick,Senior
David2496,701107033,Linguistics,New Brunswick,Freshman
Monica1038,295440348,Psychology,Camden,Senior
Rodolfo5998,266061843,Computer Science,Newark,Sophomore
Jesus6122,112922946,Engineering,New Brunswick,Freshman
Henry1383,454382112,Neuroscience,Camden,Sophomore
Sabrina906,178462629,Other (STEM),New Brunswick,Sophomore
Henry795,296305075,Other (Liberal Arts),New Brunswick,Freshman
Becca4566,414827226,Chemistry,New Brunswick,Freshman
Jennifer1529,309351721,Chemistry,New Brunswick,Freshman
Damian8923,806949765,Art,Camden,Junior
Becca266,606751355,Political Science,New Brunswick,Senior
Mary3580,633200391,Political Science,New Brunswick,Junior
Jennifer7872,269208755,English,Newark,Sophomore
Tom204,348390380,Linguistics,New Brunswick,Junior
Monica5525,830266176,English,New Brunswick,Sophomore
Steven6757,923309748,Other (STEM),New Brunswick,Freshman
Damian5868,824306652,Engineering,Newark,Freshman
Jesus4995,875335857,Neuroscience,Camden,Freshman
Nicole2654,857493985,Genetics,Newark,Freshman
Jackie1820,683107509,Other (STEM),Camden,Freshman
Helen8043,396409345,Other (STEM),Newark,Sophomore
Kyle4910,220948985,Chemistry,Camden,Senior
Kyle66,375139994,Pre-med,Camden,Senior
Mozart5162,196623434,English,New Brunswick,Junior
Henry5274,314735665,Biology,Newark,Senior
Damian5265,259782686,Political Science,New Brunswick,Senior
Joseph34,564750964,Engineering,Camden,Freshman
Steven2285,289326504,Genetics,Newark,Sophomore
Nicole8167,248664289,English,Newark,Senior
Eric271,866129181,English,New Brunswick,Sophomore
Becca713,864609984,Other (Liberal Arts),New Brunswick,Senior
Kyle4508,639083253,Other (Liberal Arts),Camden,Senior
Monica1619,600765817,Psychology,Newark,Junior
Henry8283,908189866,English,New Brunswick,Junior
Becca5855,615969914,Art,Camden,Senior
Helen1988,852982627,Neuroscience,Newark,Sophomore
Joseph8588,906182992,Linguistics,New Brunswick,Senior
Eric1323,643364857,Chemistry,New Brunswick,Freshman
Sabrina5374,365757620,Genetics,New Brunswick,Freshman
David30,821699472,Computer Science,Newark,Senior
Mary3580,720158118,Psychology,Camden,Sophomore
Eric5710,908234956,Political Science,Camden,Freshman
Nicole5136,965850865,Other (Liberal Arts),Camden,Freshman
Mozart8904,523450217,Computer Science,Camden,Freshman
Jesus6582,596953785,Biology,Camden,Sophomore
David7443,676290038,Chemistry,New Brunswick,Junior
Kyle462,831354479,Biology,New Brunswick,Senior
Joseph2205,222406613,Computer Science,Camden,Senior
Jennifer1529,589403169,English,New Brunswick,Junior
Steven7349,477622173,Neuroscience,New Brunswick,Senior
Mary8419,559471794,Genetics,Newark,Junior
Monica6542,591452486,Pre-med,Camden,Senior
Nicole3588,564610166,English,Newark,Senior
Kyle4508,528397702,Chemistry,New Brunswick,Sophomore
Tom5608,825930935,Linguistics,Newark,Sophomore
Jennifer9642,936089261,Linguistics,New Brunswick,Sophomore
Jesus2782,447257689,Other (Liberal Arts),Newark,Freshman
Jennifer5384,671997281,Linguistics,Newark,Freshman
Kyle66,540156464,English,New Brunswick,Senior
Kyle66,628783016,Other (Liberal Arts),Newark,Sophomore
Mary9572,586553602,Art,New Brunswick,Sophomore
Joseph6815,390982770,Engineering,Newark,Junior
Jennifer2212,604297726,Other (Liberal Arts),Camden,Freshman
David1616,122727367,Engineering,Newark,Junior
Monica7129,941769043,Other (Liberal Arts),Newark,Sophomore
Sabrina841,723136248,Other (STEM),New Brunswick,Senior
Monica3327,664663242,Neuroscience,Newark,Senior
Monica6542,694423383,English,Newark,Freshman
Helen3871,734460374,Engineering,Newark,Sophomore
Mozart6862,259029155,Political Science,Camden,Senior
Mary8123,110669138,Psychology,Camden,Senior
Jesus3536,842770782,Other (Liberal Arts),New Brunswick,Senior
Monica1538,611665404,Other (STEM),New Brunswick,Senior
Damian9997,814069756,Chemistry,Camden,Senior
Tom7158,938225358,Computer Science,Camden,Sophomore
Steven6716,958547943,Other (Liberal Arts),New Brunswick,Sophomore
Damian434,613643381,Political Science,Newark,Freshman
Mary7230,363746836,English,Newark,Sophomore
Jackie6721,113522084,Pre-med,Newark,Freshman
Kyle5822,475941641,Other (STEM),New Brunswick,Junior
Jesus1686,729038690,Art,Newark,Freshman
Sabrina6828,613755317,Pre-med,New Brunswick,Sophomore
Becca3210,168961719,Pre-med,Camden,Sophomore
Becca6262,128824032,Psychology,Newark,Junior
Tom204,154879660,Computer Science,Newark,Senior
Jesus9095,837061476,Chemistry,Camden,Sophomore
Damian641,871057750,Art,Camden,Junior
Rodolfo6001,280793770,Computer Science,New Brunswick,Senior
Tom87,485894440,Psychology,Camden,Junior
Rodolfo5951,510197332,Linguistics,Newark,Freshman
Kyle9210,209225339,Chemistry,Newark,Sophomore
Sabrina5789,683642173,Chemistry,Camden,Junior
Mary3863,882627484,Other (STEM),New Brunswick,Junior
Rodolfo9207,769272027,English,Newark,Junior
Monica6616,319508200,Chemistry,Camden,Senior
Damian6777,747705096,Chemistry,Newark,Freshman
Sabrina2317,441393094,English,Newark,Sophomore
David9274,319996534,English,Newark,Junior
Jared6558,457192101,Computer Science,Camden,Junior
Jackie5991,741426465,Psychology,Newark,Senior
Rodolfo3702,480642121,Engineering,Newark,Freshman
Rodolfo3284,254707767,Other (STEM),Camden,Junior
Eric5196,318806340,Chemistry,Camden,Sophomore
Monica7415,182323026,Engineering,New Brunswick,Junior
Jared2340,340314425,Linguistics,Newark,Sophomore
Helen7674,518429275,Art,Camden,Junior
Jesus1686,207190267,Other (STEM),New Brunswick,Senior
David6556,707835267,English,New Brunswick,Sophomore
Henry9853,389455578,English,New Brunswick,Freshman
Rodolfo3284,365957919,Biology,Newark,Junior
Mary2904,341415673,Engineering,New Brunswick,Senior
Mary4902,943664074,Genetics,New Brunswick,Senior
Mozart5271,468533558,Art,Camden,Junior
Joseph6815,590903467,Linguistics,Newark,Freshman
Steven709,263798697,Psychology,New Brunswick,Freshman
Sabrina6603,723039761,English,Newark,Senior
Rodolfo9067,242496642,Linguistics,Camden,Junior
Nicole531,624139421,Art,New Brunswick,Junior
Nicole4968,989665226,Psychology,Camden,Freshman
Mary3282,304549154,Political Science,Camden,Sophomore
Damian641,706012099,Psychology,Newark,Freshman
Sabrina9321,567869757,Other (STEM),Camden,Junior
Joseph6815,185414073,Political Science,Camden,Freshman
Mary1780,817595401,Psychology,Camden,Freshman
Joseph6815,402698247,Other (Liberal Arts),Newark,Junior
Tom397,686554346,Political Science,Camden,Freshman
Jared2742,206439288,Neuroscience,New Brunswick,Junior
Helen2936,559149639,Other (STEM),New Brunswick,Senior
Kyle6716,648359568,Engineering,New Brunswick,Freshman
Joseph2098,154207629,Psychology,Newark,Junior
Kyle5199,297165175,Other (Liberal Arts),New Brunswick,Freshman
Mozart3619,817839456,Genetics,Camden,Junior
Jennifer5002,501467557,Linguistics,Camden,Senior
Monica5512,273598633,Biology,Camden,Senior
Rodolfo9176,290562243,Linguistics,Camden,Sophomore
Rodolfo2458,597103454,Linguistics,New Brunswick,Freshman
Jennifer6055,125966220,Engineering,Newark,Freshman
Rodolfo9176,592536601,Pre-med,Newark,Sophomore
Mozart8904,394444060,Psychology,Newark,Freshman
Jennifer1530,598894197,English,Newark,Junior
Eric8477,422977950,Art,New Brunswick,Sophomore
Jennifer4035,364278627,Computer Science,New Brunswick,Senior
Joseph4666,508125968,Pre-med,Camden,Senior
Jesus428,258729407,Engineering,Camden,Freshman
Eric4810,321120936,Linguistics,New Brunswick,Sophomore
Jesus1671,229104304,Neuroscience,Newark,Junior
Nicole7797,840383320,Biology,Camden,Junior
Nicole8167,127269364,Engineering,Newark,Freshman
Helen1761,279843875,Biology,New Brunswick,Freshman
Joseph3979,608178874,Neuroscience,Camden,Junior
Monica8535,981194793,Psychology,New Brunswick,Senior
Monica554,571961516,Biology,New Brunswick,Junior
Jesus3425,492725102,Neuroscience,Camden,Junior
Tom538,497669210,Pre-med,Camden,Freshman
Tom22,307396897,Linguistics,New Brunswick,Junior
Rodolfo7502,266344811,Linguistics,Newark,Freshman
Monica554,982818574,Genetics,Camden,Freshman
Helen8045,321064813,Genetics,Newark,Sophomore
Eric7038,615771188,Art,New Brunswick,Sophomore
Jackie9567,261613496,Psychology,New Brunswick,Junior
Jackie9117,893944253,Other (STEM),New Brunswick,Senior
Monica1038,221444633,Art,Newark,Senior
Sabrina9632,197537561,Other (Liberal Arts),New Brunswick,Freshman
David9208,624587034,Psychology,Newark,Junior
Mozart7945,473384500,English,Newark,Senior
Jennifer6741,170150234,Art,Newark,Junior
Sabrina1539,854254066,English,Newark,Freshman
David7302,142086388,Chemistry,Newark,Freshman
David3232,245986929,Genetics,Newark,Sophomore
Monica3176,391865035,Computer Science,Camden,Sophomore
Helen3027,355122640,English,Newark,Freshman
David9106,591716409,English,Camden,Senior
Damian7710,879673420,Computer Science,Camden,Sophomore
Mary351,606100023,Engineering,Newark,Junior
Jennifer130,835701426,Linguistics,New Brunswick,Junior
Henry4729,273939416,Other (STEM),Camden,Freshman
Mary2356,632952348,Chemistry,New Brunswick,Junior
Helen9042,177113465,Neuroscience,Camden,Junior
Damian5574,441539949,Linguistics,Camden,Senior
Steven6141,689034748,Neuroscience,Newark,Freshman
Monica1977,414747185,Genetics,New Brunswick,Junior
Damian5802,466274857,Neuroscience,Newark,Freshman
Tom6551,209413284,Pre-med,New Brunswick,Junior
Mozart6862,416622768,Biology,New Brunswick,Junior
Steven3403,333632627,Art,Newark,Sophomore
Sabrina6112,339413168,Pre-med,Newark,Senior
Tom2639,649443907,Art,Newark,Freshman
Mary8123,498286119,Biology,Newark,Sophomore
Jennifer3965,817876427,Neuroscience,New Brunswick,Senior
Damian1921,155078929,Neuroscience,Camden,Junior
Steven8498,586095216,English,Camden,Junior
Jennifer3965,933182309,Computer Science,Camden,Freshman
Damian8775,418230740,Psychology,New Brunswick,Junior
Damian2723,998106279,Linguistics,New Brunswick,Junior
Tom6303,408343956,Psychology,New Brunswick,Sophomore
Steven9013,733505787,Psychology,New Brunswick,Sophomore
Monica7081,409371223,Art,Camden,Junior
Jesus8453,450367227,Art,New Brunswick,Junior
Jesus5620,683095581,Political Science,New Brunswick,Sophomore
David1998,301417097,Art,Camden,Freshman
Tom6575,174727675,Computer Science,New Brunswick,Junior
Tom7492,479365815,Pre-med,Newark,Sophomore
Helen3027,427828289,Political Science,Camden,Freshman
Joseph2591,447256776,Biology,Camden,Senior
Tom9998,746094322,Political Science,Newark,Sophomore
Rodolfo5008,570181944,Biology,Newark,Freshman
Joseph504,847253694,Neuroscience,Newark,Freshman
Henry557,678653999,Pre-med,Newark,Senior
Jesus1541,939538396,Political Science,Newark,Junior
Kyle2705,976357578,Neuroscience,New Brunswick,Senior
Jennifer9589,149213785,Pre-med,New Brunswick,Freshman
Steven4605,756718164,Neuroscience,Newark,Senior
Mary6144,702265714,Other (Liberal Arts),New Brunswick,Sophomore
Henry8586,113184540,Linguistics,Newark,Freshman
Jackie2132,977036800,English,Newark,Freshman
Joseph2591,279582149,Biology,New Brunswick,Junior
Jesus1671,769467450,Art,Camden,Sophomore
Damian5007,429308266,Neuroscience,Camden,Sophomore
Nicole809,475966761,Pre-med,New Brunswick,Sophomore
Jesus2819,288541193,Chemistry,Newark,Freshman
Helen8593,845088369,Other (STEM),New Brunswick,Freshman
Steven7515,207816383,Genetics,Camden,Junior
Eric4810,363419031,Linguistics,New Brunswick,Junior
Rodolfo8995,280887162,Neuroscience,Camden,Junior
Jared5377,136046070,Psychology,New Brunswick,Freshman
Henry8143,270232262,Engineering,New Brunswick,Sophomore
Rodolfo1686,599937284,Chemistry,Newark,Freshman
Jesus2782,874909533,English,Camden,Freshman
Jackie6884,394120120,Genetics,Newark,Sophomore
Helen3849,532162057,Political Science,New Brunswick,Junior
Monica2873,703066394,Neuroscience,Newark,Sophomore
Jared4605,194183187,English,Camden,Freshman
Jared7384,639688918,Other (Liberal Arts),Camden,Junior
Helen6560,771446227,Computer Science,New Brunswick,Senior
Helen1850,484355974,Computer Science,Newark,Junior
Sabrina9178,184005405,Biology,Newark,Freshman
Jackie3833,846330435,Pre-med,Newark,Senior
Sabrina6189,212174458,Chemistry,Newark,Freshman
Helen7040,447220501,Engineering,Newark,Junior
Becca2135,759000901,Psychology,Camden,Sophomore
Sabrina1497,290725807,Art,Newark,Freshman
Damian1236,188068937,English,Camden,Senior
Jackie9117,963486606,Art,Camden,Freshman
David7443,368573060,Art,Newark,Freshman
David9208,164555939,Psychology,Camden,Sophomore
Steven709,746440112,Pre-med,Camden,Sophomore
Joseph2782,701974133,Engineering,Camden,Senior
Jared6130,627458436,Engineering,Camden,Freshman
Monica7415,426347199,Engineering,New Brunswick,Junior
Henry8161,718670481,Biology,Newark,Senior
Jackie6218,688587214,Neuroscience,New Brunswick,Senior
Mary2904,407942584,Other (Liberal Arts),New Brunswick,Senior
Mozart8101,248005067,Other (Liberal Arts),New Brunswick,Senior
Steven7893,350446548,English,New Brunswick,Sophomore
Damian8890,301150920,Computer Science,Newark,Freshman
Eric3832,237350462,Neuroscience,New Brunswick,Junior
David6429,236753030,Chemistry,Newark,Sophomore
David7302,986737731,Linguistics,Newark,Sophomore
Jennifer7872,412360588,Chemistry,New Brunswick,Junior
Eric4810,153825251,Other (Liberal Arts),Newark,Junior
Mozart8695,527238986,Engineering,New Brunswick,Freshman
Steven9389,876887143,English,Camden,Senior
Jared591,451855720,Engineering,Newark,Junior
Damian9957,732247073,Neuroscience,New Brunswick,Senior
Kyle380,102581058,Art,Camden,Senior
Mozart189,185569195,Chemistry,New Brunswick,Senior
Steven9013,829157551,English,New Brunswick,Junior
Nicole3116,203695785,Art,Camden,Junior
Jared6130,691118416,Pre-med,New Brunswick,Freshman
Mozart8695,696991185,Pre-med,Camden,Sophomore
Joseph9647,334050657,Other (Liberal Arts),Camden,Senior
Rodolfo3284,938277464,Political Science,New Brunswick,Sophomore
Jennifer8147,311815088,Art,Newark,Junior
Sabrina558,547645966,Other (STEM),Newark,Sophomore
Helen9042,274533602,Computer Science,Newark,Senior
Damian3890,611771630,Political Science,Camden,Senior
Helen9889,333883960,Linguistics,New Brunswick,Freshman
Becca9034,275551825,Neuroscience,Newark,Junior
Henry5274,855015919,Engineering,Newark,Sophomore
Tom4084,246831237,Other (STEM),New Brunswick,Freshman
Steven4605,754703147,Engineering,Camden,Sophomore
Mozart5867,444519250,Psychology,New Brunswick,Sophomore
Tom1927,383882447,Other (STEM),Newark,Sophomore
Tom2690,764468026,Genetics,Camden,Junior
Helen8188,784899946,Art,Newark,Freshman
Steven982,399587350,English,Newark,Freshman
Eric5087,995410946,English,Camden,Freshman
Joseph1148,696973102,Political Science,New Brunswick,Senior
Eric9031,291165192,Chemistry,New Brunswick,Sophomore
Becca1116,769088862,Other (Liberal Arts),Camden,Sophomore
Rodolfo6310,367402126,Political Science,New Brunswick,Sophomore
Mary6106,318642826,Chemistry,Camden,Senior
Jesus8489,514359320,Other (Liberal Arts),Newark,Senior
Henry8283,808745118,Political Science,Newark,Senior
Jesus1518,426132811,Pre-med,Newark,Junior
Nicole9984,688740269,English,New Brunswick,Sophomore
Mozart6687,179690217,Political Science,Camden,Freshman
Mozart1986,941675019,Genetics,Camden,Freshman
Jared6558,465151768,Genetics,New Brunswick,Freshman
Eric9031,789841534,Chemistry,Newark,Sophomore
Jared6130,252366261,Computer Science,Camden,Senior
Mozart1718,858212271,Computer Science,Newark,Sophomore
Jesus3309,353361290,Engineering,Camden,Freshman
Tom877,966407803,Political Science,New Brunswick,Freshman
Mary1360,650013695,Psychology,Newark,Sophomore
Jennifer9808,634230648,Computer Science,New Brunswick,Sophomore
Steven8498,347384716,Chemistry,Newark,Freshman
Mozart4452,534631914,Engineering,Camden,Senior
Henry3698,709957466,Engineering,Newark,Senior
Helen3531,914305431,Other (Liberal Arts),Camden,Junior
Eric2492,120689508,Neuroscience,New Brunswick,Sophomore
Jared9642,526550094,Art,Camden,Senior
Kyle3192,404286355,Other (STEM),Newark,Junior
Mary1500,142806429,Other (STEM),Camden,Senior
Nicole7681,606102736,Chemistry,New Brunswick,Freshman
Becca9388,959273786,Political Science,Newark,Freshman
Joseph8747,668077294,Pre-med,New Brunswick,Junior
Tom390,465014304,Political Science,New Brunswick,Junior
Jesus5459,693107287,Pre-med,Camden,Senior
Henry7890,587949905,Pre-med,Camden,Senior
Jennifer2212,739269603,Art,New Brunswick,Freshman
Damian8923,185158786,Linguistics,Newark,Junior
Rodolfo3639,335294079,Neuroscience,Newark,Sophomore
Jesus9095,193877233,Biology,Camden,Senior
Mozart8434,158695548,Other (STEM),Camden,Freshman
Nicole9984,241805972,Linguistics,New Brunswick,Junior
Damian428,292760713,English,Newark,Senior
Becca2236,980254828,Neuroscience,Camden,Senior
Rodolfo6001,870180683,Other (Liberal Arts),Camden,Junior
Steven7515,623064478,Political Science,New Brunswick,Senior
Nicole5023,166788867,Linguistics,New Brunswick,Freshman
Mary2336,704109595,Other (STEM),New Brunswick,Sophomore
Rodolfo7099,290244486,Engineering,Newark,Senior
Damian6620,666110163,Linguistics,New Brunswick,Junior
Sabrina2430,115253280,Art,Newark,Junior
Helen7365,943107359,Other (Liberal Arts),Camden,Junior
Mary5173,296189675,Other (STEM),Camden,Junior
Eric1878,241926606,Other (STEM),New Brunswick,Senior
Joseph5034,255349702,Psychology,New Brunswick,Freshman
Sabrina5376,296789726,Computer Science,Camden,Freshman
Helen6560,924886698,Other (Liberal Arts),Camden,Sophomore
Kyle7749,142707846,Genetics,Newark,Freshman
Mary1362,998382803,English,New Brunswick,Freshman
Mozart4591,390935841,English,New Brunswick,Senior
Steven3629,866494750,Linguistics,Newark,Junior
Joseph3757,890427492,Art,New Brunswick,Senior
Mary4808,817834591,Other (Liberal Arts),Camden,Junior
Jackie8926,351919316,Other (STEM),Camden,Freshman
Jesus3425,494660910,Genetics,Camden,Sophomore
Mozart6816,253004620,Computer Science,Camden,Sophomore
Steven2247,653822102,Engineering,Newark,Senior
Joseph5165,942184137,Other (Liberal Arts),New Brunswick,Sophomore
Sabrina558,190027031,Neuroscience,Newark,Junior
Damian9997,926083216,Other (Liberal Arts),New Brunswick,Sophomore
Mary7230,812985220,Neuroscience,Newark,Sophomore
David908,843741657,Engineering,Newark,Junior
Mary3553,375828391,Genetics,New Brunswick,Senior
Kyle3441,863847732,Other (STEM),Newark,Freshman
Helen2936,916425472,Neuroscience,Camden,Junior
Steven6716,533249056,Computer Science,Camden,Senior
Jennifer6741,195561959,Other (STEM),Camden,Junior
Jesus4571,625773988,Linguistics,New Brunswick,Sophomore
Joseph179,251021850,Psychology,Newark,Sophomore
Damian546,787457888,Biology,Camden,Junior
Jared6558,253647581,Psychology,New Brunswick,Freshman
David2180,894307354,Neuroscience,Newark,Sophomore
Eric296,949715954,English,New Brunswick,Freshman
Monica1619,941484133,Art,Camden,Sophomore
Jennifer1530,161969192,Art,Newark,Sophomore
Steven390,352472087,Art,Newark,Junior
Sabrina558,134456850,Other (STEM),New Brunswick,Senior
Jared2742,618383203,Pre-med,Camden,Junior
Jesus2206,756345069,Linguistics,Newark,Sophomore
Henry5448,427559154,Chemistry,New Brunswick,Freshman
Mozart6862,949849376,Other (Liberal Arts),Newark,Freshman
Sabrina5710,695624374,Computer Science,New Brunswick,Sophomore
Mozart6687,757447152,English,Camden,Freshman
Steven982,156147081,Pre-med,Newark,Junior
Jared1580,913526369,Other (Liberal Arts),Newark,Senior
Jennifer5314,422064589,Neuroscience,Camden,Sophomore
Monica3906,935626369,Political Science,Camden,Junior
Jesus5459,678028838,Neuroscience,New Brunswick,Junior
Kyle7009,867505881,Engineering,Camden,Sophomore
Nicole2654,310216264,Genetics,Camden,Sophomore
Becca62,389062194,Psychology,New Brunswick,Senior
David9198,375705823,Political Science,New Brunswick,Freshman
Joseph2782,753267893,Biology,Camden,Freshman
Jennifer618,704391900,Computer Science,Camden,Junior
Steven6640,865918748,Psychology,Camden,Junior
Steven2513,793561078,Engineering,Camden,Senior
Nicole4968,510631864,Other (Liberal Arts),Camden,Junior
Jesus1300,976794924,Linguistics,New Brunswick,Junior
Henry7475,305969461,Engineering,Newark,Senior
Monica8765,488739450,Computer Science,Camden,Freshman
Sabrina8067,582010288,Computer Science,New Brunswick,Freshman
Jackie4808,764219994,English,New Brunswick,Sophomore
Henry4102,395394520,Pre-med,Camden,Junior
Monica1619,824394732,Political Science,Camden,Junior
Jesus2819,885130893,Political Science,Newark,Senior
Eric5936,874727286,Chemistry,Camden,Senior
Jesus1776,314762695,Chemistry,Camden,Sophomore
Becca9388,383664261,Art,Camden,Freshman
Monica3327,476993733,Genetics,New Brunswick,Sophomore
Eric9119,250703293,Pre-med,New Brunswick,Senior
Helen7365,332978963,Political Science,Newark,Junior
Jackie6548,755208848,Engineering,New Brunswick,Senior
Kyle4516,567972900,Neuroscience,New Brunswick,Sophomore
Jesus6740,486322893,Computer Science,Camden,Sophomore
Kyle7480,542410196,English,Newark,Sophomore
Jennifer2456,888559025,Art,Camden,Junior
Nicole6987,871973352,Linguistics,Camden,Sophomore
Sabrina9321,816907573,Other (STEM),Newark,Sophomore
Steven6435,640916924,English,New Brunswick,Sophomore
Mary7230,227359917,Linguistics,New Brunswick,Senior
Henry8586,973155867,Political Science,Camden,Senior
Damian3146,579708132,Chemistry,New Brunswick,Freshman
Sabrina6468,261189940,Neuroscience,Newark,Junior
Rodolfo5884,349898160,Chemistry,New Brunswick,Sophomore
Jennifer5101,381858351,Other (Liberal Arts),Camden,Freshman
Jennifer7872,974739459,Chemistry,Camden,Senior
David4892,487894267,Biology,New Brunswick,Senior
Damian7385,104423264,Neuroscience,Newark,Senior
Nicole8022,126500524,Psychology,Newark,Sophomore
Damian6947,165766083,Chemistry,Camden,Sophomore
Damian428,960504474,Political Science,Camden,Senior
Joseph3757,896055956,Biology,Camden,Senior
Eric1516,430883673,Art,Camden,Sophomore
Steven9199,537946314,Biology,Camden,Senior
Nicole542,959502541,Other (Liberal Arts),Newark,Junior
Mozart8392,543199896,Engineering,Newark,Sophomore
Damian434,178277587,English,Newark,Junior
Damian5276,882939079,Other (Liberal Arts),Camden,Junior
Mary8123,407426873,Psychology,Camden,Junior
David825,312058668,Chemistry,Newark,Sophomore
Jennifer1921,855460273,Other (STEM),Newark,Sophomore
Helen1988,185457708,Genetics,Camden,Sophomore
Jennifer4616,263566855,Political Science,New Brunswick,Senior
David1492,673746326,Linguistics,Camden,Freshman
Jesus1541,967055150,Linguistics,Newark,Sophomore
Monica7902,476083756,Engineering,Camden,Junior
Henry6339,596503244,Biology,Newark,Sophomore
Mary571,377804332,Neuroscience,Camden,Freshman
Steven5296,891274392,Other (STEM),Camden,Freshman
Henry4444,250486888,Chemistry,Newark,Freshman
Damian1789,348054628,Pre-med,Newark,Junior
Helen1988,342124596,Other (STEM),Newark,Senior
Helen2489,677068658,Psychology,Newark,Sophomore
David4966,955051051,Genetics,Camden,Sophomore
Kyle3441,288630207,Chemistry,New Brunswick,Sophomore
Jackie4640,859278831,Chemistry,Newark,Senior
Joseph9647,282682991,Art,New Brunswick,Senior
Becca7286,729665608,Engineering,Newark,Junior
Mary9238,617663656,Other (Liberal Arts),Camden,Junior
Jackie9178,782111746,Chemistry,Camden,Senior
Rodolfo5062,714492832,Other (STEM),New Brunswick,Freshman
Steven6141,511652486,Genetics,Newark,Freshman
Henry8161,322838449,Genetics,New Brunswick,Freshman
Tom87,913036120,Political Science,Camden,Senior
Jackie3279,581399852,Pre-med,New Brunswick,Sophomore
Jennifer4645,432369262,Engineering,New Brunswick,Senior
Helen2850,787098691,Computer Science,Camden,Sophomore
Monica4944,344116955,Engineering,Camden,Junior
Jared2912,550673863,English,Newark,Freshman
Helen3849,530018806,Genetics,Newark,Senior
Monica3467,824895792,Art,Camden,Junior
Damian1459,163828292,Other (Liberal Arts),Newark,Sophomore
Helen3849,434306876,Linguistics,Camden,Junior
Nicole8584,524497381,Other (Liberal Arts),Camden,Senior
Monica6407,526957057,Linguistics,Camden,Junior
Tom9998,368309496,Biology,Camden,Sophomore
Henry3831,414236731,Other (STEM),Camden,Freshman
Kyle6859,906290721,Chemistry,Camden,Freshman
Helen7365,698273123,Political Science,New Brunswick,Junior
Jesus6325,504896757,Art,Newark,Junior
Damian7710,796468284,Engineering,New Brunswick,Freshman
Sabrina8688,116104191,Neuroscience,New Brunswick,Senior
Nicole4841,901024775,Neuroscience,Camden,Senior
David2527,993548767,Psychology,Newark,Junior
Monica554,948269701,Linguistics,Camden,Freshman
Sabrina1764,594649272,Biology,New Brunswick,Junior
David2496,435410440,English,New Brunswick,Freshman
David30,335238848,Biology,Camden,Sophomore
Mozart4591,821780418,Art,Newark,Sophomore
Sabrina3797,948871798,Psychology,Camden,Sophomore
Becca7286,830536561,Chemistry,Camden,Senior
Jesus4137,544764323,Pre-med,New Brunswick,Junior
Helen9889,265829218,Pre-med,New Brunswick,Junior
Jackie7188,221369840,Computer Science,New Brunswick,Sophomore
Mozart6453,766741605,Chemistry,Newark,Freshman
Mary3580,596691334,Other (STEM),Newark,Junior
Becca2304,873193625,Computer Science,Camden,Junior
Damian4788,838326758,Genetics,Newark,Freshman
Tom1472,302355637,English,Camden,Sophomore
Becca6120,249727949,Other (STEM),New Brunswick,Freshman
Jackie2466,689478977,Computer Science,Camden,Junior
Jennifer8638,791579251,Psychology,Camden,Freshman
Rodolfo334,297049071,Neuroscience,New Brunswick,Sophomore
Steven1046,167201719,Biology,Camden,Senior
Sabrina3468,446167642,Neuroscience,Camden,Sophomore
Sabrina8507,350889791,Neuroscience,New Brunswick,Sophomore
Helen1393,674070175,Psychology,New Brunswick,Freshman
Tom527,688086167,Art,Newark,Junior
Eric8420,871684774,Linguistics,Camden,Sophomore
Becca8166,946301313,Computer Science,New Brunswick,Sophomore
Jesus8453,905138951,Other (STEM),Newark,Senior
Jackie3833,945683852,Psychology,New Brunswick,Junior
Monica7129,475120209,Linguistics,Camden,Freshman
Kyle5199,648148182,Other (STEM),New Brunswick,Junior
Mozart7841,217997110,Political Science,New Brunswick,Junior
Henry8689,833965311,English,Camden,Junior
Kyle8919,302606633,Computer Science,Camden,Junior
Henry5343,744723454,Art,New Brunswick,Junior
Jennifer5002,883116686,Neuroscience,Newark,Sophomore
Jared554,644479354,English,New Brunswick,Freshman
Steven439,275143311,Chemistry,Newark,Freshman
Eric1323,285474947,Psychology,New Brunswick,Freshman
Jackie9178,131394885,Chemistry,Camden,Sophomore
Jesus3536,779152679,Chemistry,Newark,Senior
Eric4764,514622146,Linguistics,Newark,Sophomore
Sabrina2392,857977237,Chemistry,Camden,Junior
Henry6029,660134718,Chemistry,Camden,Freshman
Jennifer7205,764658143,Computer Science,Newark,Freshman
Jesus594,420517751,Genetics,New Brunswick,Sophomore
Steven2970,628846616,Psychology,Camden,Freshman
Jackie2132,514836466,Chemistry,Newark,Senior
Sabrina3948,632518549,Biology,Camden,Senior
Eric13,463730223,Neuroscience,New Brunswick,Senior
Jesus4376,682061152,Computer Science,Newark,Freshman
Tom6398,984819464,Psychology,Camden,Junior
Nicole3116,946052864,Art,New Brunswick,Senior
Monica3467,264631769,Political Science,Camden,Senior
Helen6560,113289386,Linguistics,New Brunswick,Sophomore
Henry7394,581199520,English,New Brunswick,Freshman
Sabrina5963,859291883,Linguistics,New Brunswick,Senior
Damian9245,646607297,Pre-med,Newark,Freshman
David9812,366346227,Other (Liberal Arts),Newark,Freshman
Eric2486,171865683,Engineering,New Brunswick,Freshman
Jennifer1529,395731388,Biology,Camden,Junior
Becca2304,500128679,Chemistry,Newark,Freshman
David2496,514191521,Art,Newark,Junior
Jackie4640,540474966,Psychology,Newark,Freshman
Monica4272,317921980,English,Camden,Sophomore
Steven1278,823550110,Neuroscience,New Brunswick,Senior
Joseph318,556322781,Art,Newark,Freshman
Tom877,833942826,Engineering,Newark,Junior
David2791,741876142,Computer Science,Newark,Senior
Henry305,913445241,Art,Newark,Junior
David908,276493607,Linguistics,Camden,Senior
Jesus9287,336143156,Engineering,Newark,Freshman
Rodolfo7502,606322555,Other (STEM),New Brunswick,Sophomore
Damian1459,199301310,Political Science,New Brunswick,Junior
Mozart5162,401075291,Art,Camden,Sophomore
Mozart320,253551772,Art,New Brunswick,Sophomore
Helen5023,391889195,Computer Science,Camden,Sophomore
Helen1761,966819403,Computer Science,Camden,Senior
Tom4784,487185889,Genetics,Camden,Senior
Jesus428,503202379,Engineering,New Brunswick,Freshman
Sabrina1769,522048817,English,Camden,Junior
David825,339977459,Pre-med,Newark,Junior
Rodolfo1686,498560629,Linguistics,Camden,Sophomore
Mary5221,754365981,Neuroscience,Camden,Sophomore
Jesus2448,518359441,Art,Newark,Junior
Mozart3160,397634349,Political Science,New Brunswick,Freshman
Tom4439,519917611,Genetics,New Brunswick,Senior
Jesus1518,150404533,Political Science,Newark,Junior
Helen2489,220826226,Pre-med,Camden,Freshman
Joseph9224,782254378,Art,New Brunswick,Junior
Rodolfo9452,262089624,Other (STEM),Newark,Senior
Joseph7180,189197730,Chemistry,Camden,Sophomore
Joseph2263,751986197,Other (Liberal Arts),Newark,Freshman
Henry9853,579045546,Political Science,Newark,Senior
Helen4220,869968490,Art,Camden,Junior
Sabrina6603,988389283,Psychology,Newark,Sophomore
Kyle462,175060788,Linguistics,New Brunswick,Senior
Sabrina5963,423454309,Psychology,New Brunswick,Sophomore
Jackie2466,339445255,Computer Science,Camden,Senior
Sabrina841,854547195,English,New Brunswick,Freshman
Joseph8537,324226235,English,New Brunswick,Freshman
David8499,496134702,Computer Science,Newark,Senior
Henry3831,512954403,Biology,New Brunswick,Junior
Tom4439,390005599,English,Newark,Sophomore
Monica572,294151943,Engineering,Newark,Freshman
Damian546,429296638,Other (Liberal Arts),New Brunswick,Senior
Kyle4508,441098017,Engineering,Newark,Junior
Jackie2188,825029987,Chemistry,New Brunswick,Junior
Eric5290,443669064,Other (STEM),Newark,Senior
Sabrina9321,807408987,Psychology,Camden,Junior
Jackie9117,975033798,Psychology,Newark,Sophomore
Jennifer6055,574743526,Genetics,Newark,Sophomore
Tom2862,230109907,Biology,Newark,Junior
Sabrina1259,336838941,Political Science,Camden,Senior
Damian1921,140872482,Genetics,Camden,Freshman
Helen3323,281922183,Other (STEM),New Brunswick,Senior
Eric5710,459692448,Art,Newark,Senior
Steven6716,904464011,Biology,Camden,Senior
Joseph318,889372922,Biology,Camden,Senior
Jared1580,608634529,English,New Brunswick,Senior
Joseph5328,364125531,Other (STEM),Newark,Senior
Damian5275,152151759,Pre-med,Camden,Junior
Mary5489,422892858,Political Science,Newark,Sophomore
Damian2418,996929605,Genetics,Newark,Senior
Henry3831,866423408,Other (STEM),Camden,Sophomore
Nicole347,882931378,Neuroscience,New Brunswick,Senior
Becca6262,139505206,Computer Science,Camden,Junior
Tom8414,191634989,Pre-med,Newark,Sophomore
Monica3327,129764360,Other (Liberal Arts),Newark,Sophomore
Eric1658,915516449,Political Science,Camden,Junior
Damian2115,324434832,Psychology,Camden,Junior
Jackie8926,299957494,Engineering,Newark,Sophomore
Jared4605,516505643,Engineering,Camden,Sophomore
Jesus1686,473983876,Other (STEM),Camden,Junior
Henry3338,501651655,Computer Science,Newark,Freshman
Steven6435,636240397,Chemistry,Newark,Senior
Damian493,457354558,Linguistics,Newark,Freshman
Mozart5815,612609084,Psychology,Camden,Freshman
Rodolfo6260,945619736,Biology,Camden,Senior
Steven7350,851876631,Other (STEM),New Brunswick,Junior
Rodolfo6310,730695867,Chemistry,New Brunswick,Junior
Mozart891,175857479,Art,Camden,Senior
Jared7139,853202947,English,Camden,Freshman
Jared7139,850378527,Computer Science,New Brunswick,Sophomore
Nicole531,652075456,Psychology,New Brunswick,Freshman
Jennifer5314,793532143,Linguistics,Camden,Freshman
Sabrina2430,675726667,Pre-med,Camden,Sophomore
Steven1992,987603422,English,Newark,Senior
Helen7040,673840257,Psychology,Camden,Senior
Jesus6122,411077838,Linguistics,New Brunswick,Junior
Becca7166,111195843,Political Science,Newark,Freshman
Jennifer6292,744851899,Engineering,Newark,Senior
Rodolfo9994,305232092,Chemistry,Newark,Freshman
Eric5290,835728713,Chemistry,New Brunswick,Senior
Tom527,914420776,Art,Camden,Senior
Sabrina495,160076698,Biology,Newark,Junior
Jennifer8675,911041211,Political Science,Newark,Sophomore
Henry5448,328639378,Psychology,Camden,Junior
Damian5265,778741748,Linguistics,Newark,Freshman
Jennifer6292,472478088,Computer Science,Newark,Senior
Monica7017,855876240,Computer Science,Camden,Senior
Rodolfo5201,778242032,Biology,New Brunswick,Junior
Rodolfo1657,269697556,Biology,Newark,Junior
Monica4089,539171114,Neuroscience,New Brunswick,Sophomore
Mary6641,129419586,Art,Newark,Junior
Eric4560,683445247,Other (Liberal Arts),Newark,Sophomore
Eric4560,421691532,Pre-med,Camden,Sophomore
Rodolfo2588,908626909,Other (STEM),Newark,Freshman
Mary5615,907759279,Linguistics,Camden,Freshman
Damian5868,846734422,Other (STEM),Camden,Junior
Jared958,887843595,Chemistry,New Brunswick,Junior
Mozart4087,963155115,Biology,Camden,Senior
Steven3202,796074630,Engineering,Camden,Junior
Jackie4100,406462723,Psychology,Camden,Sophomore
Tom5471,210461764,Biology,Newark,Freshman
Jennifer8147,227605883,Pre-med,New Brunswick,Freshman
Steven1278,893025427,Engineering,Newark,Junior
Becca1327,301813468,Neuroscience,Camden,Sophomore
Sabrina558,684163563,Neuroscience,New Brunswick,Junior
Sabrina1539,788765131,Other (Liberal Arts),Camden,Sophomore
Jared1797,763841909,Genetics,Camden,Senior
David4701,352759374,Other (Liberal Arts),Newark,Sophomore
Sabrina906,479914471,Pre-med,New Brunswick,Senior
Mozart5714,592661299,Neuroscience,Newark,Sophomore
Monica4839,446314838,Biology,Newark,Sophomore
David3139,371813879,English,New Brunswick,Junior
David8438,449413905,Linguistics,Camden,Sophomore
Rodolfo9176,426818824,English,Camden,Freshman
Jackie9567,666450461,Neuroscience,New Brunswick,Senior
Jesus4376,884093257,Biology,New Brunswick,Sophomore
Jared7607,949940618,Other (Liberal Arts),Camden,Freshman
Becca9388,563108713,Art,New Brunswick,Junior
Becca8931,181972624,Psychology,New Brunswick,Senior
Nicole7361,195218238,Political Science,Camden,Freshman
Rodolfo334,952293194,Pre-med,New Brunswick,Senior
Damian4788,936978385,Neuroscience,New Brunswick,Freshman
Nicole9192,744618982,English,Camden,Senior
Mary1152,599779150,Biology,Camden,Junior
Sabrina2317,234075014,Genetics,Newark,Sophomore
Sabrina8870,826094694,Genetics,New Brunswick,Junior
Jackie2132,254690187,Genetics,Newark,Sophomore
Jennifer8638,751913373,Other (STEM),Newark,Freshman
Jennifer9642,587168224,English,Camden,Freshman
Mozart891,729406855,Computer Science,Newark,Junior
Mary8722,805919101,Linguistics,Newark,Junior
Mary2307,559093756,Art,Camden,Sophomore
Mary5615,482089806,Political Science,Camden,Senior
Jared5814,475944336,Biology,Newark,Sophomore
Sabrina2317,863860318,Psychology,Camden,Junior
Nicole8232,616933981,Other (STEM),Newark,Freshman
Sabrina4131,982365757,Linguistics,New Brunswick,Senior
Rodolfo891,136936045,Other (Liberal Arts),New Brunswick,Senior
David1288,628980855,Political Science,New Brunswick,Junior
David2496,274126537,Pre-med,Camden,Senior
Mozart7734,651787051,Pre-med,New Brunswick,Freshman
Nicole811,670715703,Neuroscience,Camden,Freshman
Henry9853,539839260,Chemistry,New Brunswick,Junior
Kyle2000,130838725,Other (STEM),Newark,Sophomore
Tom397,553584315,Neuroscience,Camden,Sophomore
Mary1360,789380421,Pre-med,New Brunswick,Senior
Helen1393,179970671,Psychology,Camden,Freshman
Jesus5459,585856704,Biology,New Brunswick,Freshman
Tom2639,781647923,Psychology,New Brunswick,Freshman
Eric271,971047089,Computer Science,New Brunswick,Freshman
Rodolfo5998,943003709,Engineering,Camden,Senior
Mozart4503,937714001,Psychology,New Brunswick,Freshman
Becca6262,720581169,English,Camden,Sophomore
David4506,278979046,Other (Liberal Arts),New Brunswick,Senior
Jennifer5314,214629547,Political Science,Newark,Freshman
Sabrina495,813021155,Engineering,New Brunswick,Freshman
Monica4272,546734847,Psychology,New Brunswick,Sophomore
Sabrina5060,481458076,Other (STEM),Newark,Sophomore
Sabrina9589,296631423,Computer Science,New Brunswick,Freshman
Sabrina6828,407086416,Biology,Camden,Senior
Monica1619,977697340,Pre-med,Camden,Sophomore
Jennifer4158,459983769,English,Newark,Freshman
Jackie9027,647764655,Pre-med,New Brunswick,Sophomore
Sabrina9178,148378824,Political Science,Newark,Freshman
Steven4543,596650924,Chemistry,New Brunswick,Junior
Joseph7882,900695727,Biology,New Brunswick,Senior
Rodolfo6001,301818028,Other (STEM),New Brunswick,Freshman
Tom5471,849118183,Genetics,Camden,Freshman
Henry6029,421590647,Pre-med,Camden,Freshman
Joseph9415,622813000,Chemistry,Newark,Freshman
Sabrina6189,741124059,Political Science,Camden,Freshman
Mozart7841,267990511,Neuroscience,Camden,Sophomore
Jesus8597,365245084,Linguistics,New Brunswick,Freshman
Jared640,429997215,Biology,Newark,Freshman
Joseph5539,855147159,Pre-med,Camden,Sophomore
Becca8931,396910787,Biology,Newark,Junior
Eric2834,655489495,Psychology,New Brunswick,Senior
Damian6777,605512249,Art,Newark,Sophomore
Sabrina8870,250062840,Chemistry,New Brunswick,Senior
Nicole2654,393269725,Computer Science,Camden,Freshman
Helen3871,586372049,Chemistry,Camden,Senior
Mary6144,448971971,Psychology,New Brunswick,Freshman
Henry7200,951631586,Chemistry,New Brunswick,Junior
Mary8123,977872791,Other (STEM),Newark,Junior
Eric3855,804012331,English,Camden,Freshman
Jennifer1530,765004336,Linguistics,Camden,Sophomore
Monica5348,190167533,English,Camden,Junior
Jackie3833,257410440,Psychology,Newark,Senior
Monica7902,601424761,English,New Brunswick,Sophomore
Henry1383,674099852,Chemistry,Newark,Junior
Mary3580,148692956,Pre-med,New Brunswick,Junior
Jesus1305,605578096,Biology,Camden,Senior
Tom4784,714936871,Art,Newark,Junior
Joseph5539,140542186,Computer Science,Newark,Sophomore
Helen3171,428826005,Political Science,Newark,Freshman
Kyle9582,218710575,Linguistics,New Brunswick,Freshman
Kyle1602,210222078,Linguistics,New Brunswick,Sophomore
Mozart5867,463694559,Psychology,Newark,Freshman
Jesus3296,766411006,Neuroscience,Camden,Freshman
Sabrina1268,999817529,Genetics,Camden,Sophomore
Helen8043,667985862,Biology,Newark,Senior
Eric2834,106267737,Chemistry,New Brunswick,Sophomore
Rodolfo3378,618543678,Political Science,New Brunswick,Senior
Steven2513,243058022,Art,Camden,Sophomore
Damian9245,583985766,Linguistics,New Brunswick,Sophomore
Jennifer8147,276174403,Art,Newark,Freshman
Joseph2263,186449162,Art,New Brunswick,Freshman
Mozart3952,524113897,Political Science,New Brunswick,Sophomore
Nicole3116,792280864,Art,New Brunswick,Junior
Monica8528,398419157,Other (STEM),Camden,Senior
Mary9140,673176087,Art,Camden,Senior
Sabrina4157,508439114,Pre-med,Newark,Senior
Monica9417,818770767,Chemistry,Camden,Sophomore
Steven9199,554762495,Linguistics,Camden,Junior
Jesus2206,563547031,Pre-med,Newark,Freshman
Jennifer9808,731510794,Chemistry,New Brunswick,Freshman
Becca713,470120605,Linguistics,Newark,Senior
Sabrina8688,174027030,Linguistics,Newark,Sophomore
Nicole8167,851975649,English,Camden,Freshman
Monica2710,232771311,Psychology,New Brunswick,Sophomore
Steven3274,711981107,Biology,Newark,Junior
Sabrina6828,930207262,Other (Liberal Arts),Newark,Senior
Jesus7790,883915517,Other (Liberal Arts),Newark,Freshman
Kyle3192,565431779,Psychology,Camden,Sophomore
David7443,137508322,Computer Science,Newark,Junior
Helen4755,687900550,Other (STEM),New Brunswick,Junior
Nicole8584,680683862,Linguistics,New Brunswick,Freshman
David2180,323579415,Other (Liberal Arts),Camden,Sophomore
Tom4399,204346818,Art,New Brunswick,Senior
Rodolfo7708,714340465,Pre-med,Newark,Freshman
Kyle380,973615584,Other (Liberal Arts),New Brunswick,Freshman
Kyle380,199509097,Computer Science,Camden,Junior
Damian434,719409379,Other (STEM),Newark,Sophomore
Kyle4516,118468029,English,Newark,Junior
Jesus2782,334295879,Political Science,Camden,Sophomore
Henry4078,863224796,Other (Liberal Arts),New Brunswick,Sophomore
Jesus1671,626505152,English,New Brunswick,Freshman
Jennifer500,459848937,Art,New Brunswick,Senior
Eric4560,636016501,Political Science,New Brunswick,Sophomore
Sabrina722,307684882,Biology,Camden,Junior
Jesus1348,266624104,Computer Science,Newark,Sophomore
Becca1116,955247131,Genetics,New Brunswick,Senior
Jackie9117,237888235,Genetics,Newark,Sophomore
Joseph6032,675006209,Pre-med,Newark,Junior
Mary2904,594025155,Linguistics,Newark,Senior
Henry1805,835148883,Psychology,New Brunswick,Sophomore
Monica1786,245616454,Engineering,Newark,Junior
Joseph1255,312328024,Neuroscience,New Brunswick,Senior
Tom1472,588939382,Biology,Camden,Senior
Tom5608,716677249,Neuroscience,New Brunswick,Sophomore
Jesus9287,147059689,Linguistics,Camden,Freshman
Jennifer8041,691308049,Pre-med,Camden,Junior
Sabrina8870,319088660,Other (STEM),Newark,Sophomore
Monica43,208323512,Political Science,Camden,Senior
Jennifer5384,908161019,Computer Science,Camden,Junior
Tom6551,618799585,Biology,Camden,Freshman
Damian5007,461551538,Chemistry,Camden,Junior
Helen7037,197810999,Engineering,Newark,Junior
Nicole9984,396079889,Other (STEM),New Brunswick,Junior
David1497,343099696,Other (Liberal Arts),New Brunswick,Freshman
Tom4084,137963654,Biology,Newark,Freshman
Helen6166,797627067,Engineering,New Brunswick,Senior
Steven1728,594573271,Other (Liberal Arts),New Brunswick,Freshman
Jesus4995,537798873,Biology,Camden,Freshman
Jared3210,465716779,English,Newark,Junior
Becca3883,238303771,Neuroscience,Camden,Sophomore
Jennifer1529,959537466,English,Newark,Senior
Monica3467,291166136,Political Science,New Brunswick,Junior
David3463,862222348,Chemistry,Camden,Senior
Sabrina6828,452909272,Linguistics,Newark,Freshman
Helen7674,903234664,Genetics,New Brunswick,Senior
Kyle2202,379479662,Other (Liberal Arts),Camden,Senior
David9208,534453681,English,Camden,Junior
Jackie2834,167170542,Neuroscience,New Brunswick,Sophomore
Rodolfo9994,984388493,Art,New Brunswick,Junior
Jared6629,754344879,Biology,Newark,Sophomore
Eric6333,545554526,Other (Liberal Arts),Camden,Senior
Jesus2801,484847257,Genetics,Camden,Senior
Kyle9210,257220101,Computer Science,New Brunswick,Sophomore
Eric9031,720093309,Computer Science,Camden,Senior
Jennifer6292,794598033,Chemistry,Newark,Senior
Henry2281,617813501,Chemistry,Newark,Junior
Monica8535,792409219,Art,Newark,Freshman
Damian2317,453938291,English,Newark,Senior
Mozart970,791065826,Linguistics,Camden,Junior
Damian2383,600305972,Computer Science,Camden,Junior
Steven6757,434380386,Pre-med,Camden,Senior
Jennifer3965,912099442,English,New Brunswick,Senior
Sabrina9178,797707008,Other (Liberal Arts),Newark,Junior
Monica8535,528918518,Other (STEM),New Brunswick,Sophomore
David363,975421016,Chemistry,New Brunswick,Junior
Helen3849,343393349,Chemistry,Camden,Senior
Damian428,306643026,Pre-med,Camden,Sophomore
Mozart7734,641245983,Chemistry,Newark,Junior
David4506,868114236,Pre-med,Newark,Junior
Monica1619,666705593,Engineering,Camden,Junior
Monica3327,113128500,Linguistics,Camden,Sophomore
Steven439,117184242,Engineering,New Brunswick,Junior
Monica4337,785428019,Biology,Camden,Junior
Jennifer9781,821118945,Chemistry,Camden,Sophomore
Joseph1255,486968570,Linguistics,Newark,Sophomore
Joseph6407,102886528,Engineering,Newark,Sophomore
Sabrina1268,528460555,Political Science,New Brunswick,Junior
Steven6141,588697674,Art,New Brunswick,Sophomore
Damian9443,941592340,Computer Science,New Brunswick,Junior
Becca781,457375937,Chemistry,Newark,Sophomore
Helen2818,781841813,English,Camden,Junior
Henry3831,389928411,English,Camden,Freshman
Sabrina5963,100782634,Genetics,Newark,Senior
Jackie2343,721814230,Linguistics,Newark,Junior
Jesus187,216791433,Neuroscience,Newark,Senior
Rodolfo1686,551816878,Neuroscience,Camden,Sophomore
David2791,163061947,Other (Liberal Arts),Newark,Senior
Sabrina5398,811426909,Biology,Newark,Junior
Damian191,441832832,Biology,Camden,Sophomore
Rodolfo891,548641159,Computer Science,New Brunswick,Sophomore
Jared1025,463734748,Political Science,New Brunswick,Freshman
Eric9455,930084539,Psychology,New Brunswick,Sophomore
Damian5007,301163623,Linguistics,New Brunswick,Sophomore
Eric7038,715361110,Linguistics,Camden,Sophomore
Nicole8232,634585883,Genetics,Camden,Senior
Damian918,207540201,Engineering,Newark,Junior
Sabrina5398,657554931,Other (STEM),New Brunswick,Senior
Jared3210,108092894,Other (STEM),Newark,Senior
Jared5814,480750188,Biology,New Brunswick,Junior
Sabrina6534,502983080,Chemistry,New Brunswick,Junior
Damian5265,529639328,Neuroscience,Camden,Senior
Sabrina6534,691076444,Other (STEM),Newark,Junior
Jennifer6055,250723192,Linguistics,Camden,Sophomore
Tom4084,358393699,Pre-med,Newark,Junior
Jackie2662,902266207,Computer Science,New Brunswick,Junior
Monica3100,960288721,Other (Liberal Arts),Camden,Freshman
Mozart1718,430876589,Other (STEM),Camden,Senior
Jackie8503,783117845,Psychology,Newark,Freshman
Jesus594,508303806,Genetics,Newark,Junior
Mary8246,777454635,Genetics,Newark,Freshman
Jared2777,995140626,English,New Brunswick,Junior
Eric5087,600146092,Psychology,Newark,Sophomore
Monica7828,539624581,Genetics,New Brunswick,Sophomore
Jackie9965,661789747,Chemistry,New Brunswick,Sophomore
Jackie7547,840996084,Chemistry,Camden,Sophomore
Damian2535,939870764,Other (Liberal Arts),Camden,Freshman
Jesus2782,159393885,Other (STEM),Camden,Junior
Monica3756,363771066,Computer Science,New Brunswick,Junior
Jackie7188,648394285,Chemistry,Newark,Sophomore
Mary5489,579638162,Biology,Camden,Sophomore
Damian434,366122491,Linguistics,New Brunswick,Sophomore
Henry6339,799892168,Biology,New Brunswick,Junior
Becca9003,584911087,Computer Science,New Brunswick,Freshman
Jennifer2456,123213823,Other (Liberal Arts),New Brunswick,Freshman
Jackie6147,219927251,Pre-med,Camden,Freshman
Helen9268,106850980,Computer Science,Newark,Freshman
Sabrina722,904011520,Computer Science,Camden,Senior
Damian434,139582591,Computer Science,Newark,Junior
Henry5007,230789367,Psychology,Camden,Junior
Mary5173,891892089,Engineering,New Brunswick,Freshman
Jackie3950,280070351,Political Science,Newark,Junior
Jesus1541,316006336,Art,Camden,Senior
Henry2281,695659091,Psychology,Newark,Senior
Henry5448,164973178,Linguistics,New Brunswick,Sophomore
Tom1472,911821983,Computer Science,Camden,Sophomore
Jennifer7205,343132990,Pre-med,Camden,Junior
Helen8294,231373416,Engineering,New Brunswick,Freshman
Tom382,622101510,Other (STEM),Camden,Sophomore
David4506,358330497,Linguistics,Newark,Senior
Sabrina9589,908572304,Psychology,New Brunswick,Sophomore
Jared640,675272371,English,Newark,Sophomore
Mary1500,664298685,Psychology,Camden,Freshman
