82 Willow Avenue, 93458, Hawaii, Monuments, 25
41 9th Avenue, 21758, Hawaii, Cafes, 89
29 East Avenue, 37739, Nebraska, Concert, 95
67 9th Avenue, 64341, Washington D.C., Beach, 88
91 Lake Avenue, 81015, Kentucky, Carnivals, 29
57 10th Avenue, 26346, Nevada, Amusement Park, 90
95 4th Avenue, 35541, Oklahoma, Pool, 59
54 Redwood Avenue, 46395, Tennessee, Food, 5
89 East Avenue, 96044, Pennyslvania, Basketball, 5
57 Oak Avenue, 94823, Montana, Fishing, 46
64 9th Avenue, 50225, Iowa, Shopping Mall, 77
64 South Avenue, 34854, Alaska, Beach, 33
42 Jackson Avenue, 52484, Ohio, Piers, 78
37 3rd Avenue, 11961, South Dakota, Cafes, 43
6 Evergreen Avenue, 94774, Connecticut, Hiking, 87
11 Apache Avenue, 67179, New Jersey, Monuments, 53
92 7th Avenue, 30964, Texas, Beach, 71
95 Evergreen Avenue, 4545, Wyoming, Zoos, 70
94 Main Avenue, 16470, Alaska, Romantic, 85
11 North Avenue, 17702, Massachusetts, Shopping Mall, 3
25 4th Avenue, 23461, Texas, Boxing, 40
87 Jackson Avenue, 62482, New Mexico, Pool, 64
6 Willow Avenue, 8535, Hawaii, Park, 67
32 Oak Avenue, 69963, Michigan, Cafes, 8
44 1st Avenue, 65286, Maryland, Basketball, 4
63 2nd Avenue, 4755, Mississippi, Food, 13
1 Willow Avenue, 48249, Iowa, Shopping Mall, 47
11 Redwood Avenue, 40451, Michigan, Monuments, 56
96 Oak Avenue, 21854, Colorado, Cafes, 31
78 Main Avenue, 16313, Alaska, Beach, 92
89 4th Avenue, 79518, Florida, Skiing, 19
8 Pine Avenue, 65532, Vermont, Fishing, 95
18 Sunset Avenue, 98053, Wisconsin, Basketball, 20
61 3rd Avenue, 83216, Missouri, Food, 79
55 9th Avenue, 29166, Washingston, Hiking, 16
1 Willow Avenue, 41851, Tennessee, Pool, 85
10 Willow Avenue, 92144, North Dakota, Basketball, 40
1 Maple Avenue, 56882, Georgia, Carnivals, 90
75 Redwood Avenue, 86737, Mississippi, Piers, 44
96 Main Avenue, 74445, Washingston, Skiing, 48
53 South Avenue, 75979, Massachusetts, Tennis, 65
83 Lake Avenue, 83941, Colorado, Carnivals, 55
12 Ridge Avenue, 62706, Michigan, Hiking, 8
9 9th Avenue, 1690, Wisconsin, Bowling, 74
7 10th Avenue, 58932, Washingston, Monuments, 59
47 Jackson Avenue, 28058, New Mexico, Pool, 39
32 3rd Avenue, 26191, Georgia, Zoos, 77
13 Park Avenue, 40062, Oregon, Muesems, 98
88 Sunset Avenue, 15510, Virginia, Ponds, 2
19 10th Avenue, 38602, Ohio, Basketball, 81
6 Park Avenue, 30258, Louisiana, Romantic, 80
35 Hillside Avenue, 79848, Texas, Volleyball, 80
9 Lake Avenue, 12348, Rhode Island, Cafes, 23
63 10th Avenue, 79357, Iowa, Hiking, 96
49 10th Avenue, 43497, Pennyslvania, Basketball, 31
33 Redwood Avenue, 76486, Alabama, Food, 86
88 Sunset Avenue, 49666, Tennessee, Monuments, 56
66 East Avenue, 97521, Louisiana, Haunted, 24
21 South Avenue, 3748, New Jersey, Feeding Animals, 53
75 Jackson Avenue, 29849, Arizona, Romantic, 39
82 North Avenue, 77257, Kansas, Amusement Park, 95
93 5th Avenue, 62361, Nevada, Fishing, 17
60 Ridge Avenue, 21980, North Carolina, Shopping Mall, 44
24 Main Avenue, 11708, Minnesota, Food, 30
96 East Avenue, 11914, Pennyslvania, Beach, 45
72 Meadow Avenue, 84450, Hawaii, Shopping Mall, 21
88 Main Avenue, 42381, Florida, Tennis, 49
89 Birch Avenue, 82221, New Jersey, Volleyball, 96
67 North Avenue, 351, Idaho, Pool, 59
26 7th Avenue, 26719, Oklahoma, Concert, 87
89 Willow Avenue, 98359, Vermont, Basketball, 14
31 9th Avenue, 62478, New York, Haunted, 66
14 Redwood Avenue, 30506, Delaware, Holiday, 21
75 Hillside Avenue, 64592, Oregon, Pool, 60
17 Lake Avenue, 67527, Ohio, Zoos, 22
2 Elm Avenue, 25402, Nevada, Apple Picking, 32
80 Elm Avenue, 41803, Colorado, Pool, 52
29 Pine Avenue, 77454, Nebraska, Skiing, 9
5 South Avenue, 62060, Utah, Cafes, 64
40 Apache Avenue, 77189, Arizona, Holiday, 85
22 Redwood Avenue, 26291, New Mexico, Shopping Mall, 62
84 Sunset Avenue, 61884, Oklahoma, Piers, 42
92 Oak Avenue, 81102, Iowa, Bowling, 16
53 North Avenue, 24175, Arkansas, Shopping Mall, 98
91 10th Avenue, 79933, Wisconsin, Cafes, 68
77 7th Avenue, 20537, California, Basketball, 43
52 West Avenue, 47274, New Mexico, Basketball, 37
87 Sunset Avenue, 66454, Alaska, Carnivals, 58
19 Birch Avenue, 71365, Minnesota, Apple Picking, 56
18 3rd Avenue, 74058, Arkansas, Ponds, 60
93 South Avenue, 29175, Kansas, Bowling, 48
51 Birch Avenue, 92220, Delaware, Haunted, 60
95 7th Avenue, 69491, Colorado, Piers, 60
35 Hillside Avenue, 13879, Virginia, Volleyball, 40
54 Oak Avenue, 5343, Illinois, Carnivals, 77
43 2nd Avenue, 68985, South Dakota, Hiking, 22
46 4th Avenue, 48205, Iowa, Piers, 52
76 Apache Avenue, 78554, Kentucky, Volleyball, 1
96 Oak Avenue, 3793, Virginia, Monuments, 99
16 Willow Avenue, 88516, Wisconsin, Boxing, 93
52 9th Avenue, 1279, Vermont, Muesems, 15
86 8th Avenue, 20006, Kentucky, Skiing, 55
61 Park Avenue, 52653, New Mexico, Carnivals, 12
80 North Avenue, 10064, Nevada, Fishing, 23
26 7th Avenue, 1880, Massachusetts, Hiking, 8
8 Elm Avenue, 60207, Nebraska, Holiday, 88
38 9th Avenue, 89123, Arkansas, Feeding Animals, 44
79 Meadow Avenue, 81489, Virginia, Piers, 11
2 Main Avenue, 56120, New Jersey, Tennis, 71
42 Oak Avenue, 89575, Wyoming, Holiday, 44
38 Sunset Avenue, 81457, Rhode Island, Cafes, 35
80 4th Avenue, 31958, Alaska, Skiing, 78
90 Meadow Avenue, 8298, Nebraska, Holiday, 20
90 8th Avenue, 85944, Iowa, Muesems, 87
16 Sunset Avenue, 107, Massachusetts, Volleyball, 51
81 Maple Avenue, 64873, Nebraska, Pool, 38
50 Maple Avenue, 21364, Louisiana, Feeding Animals, 72
9 South Avenue, 87588, Iowa, Ponds, 73
45 6th Avenue, 7642, Colorado, Fishing, 78
92 10th Avenue, 80228, Connecticut, Holiday, 36
13 Willow Avenue, 33199, Wisconsin, Haunted, 58
5 West Avenue, 65670, Texas, Zoos, 56
90 Meadow Avenue, 78456, Rhode Island, Fishing, 66
62 1st Avenue, 34004, New Hampshire, Amusement Park, 4
51 3rd Avenue, 29921, Georgia, Hiking, 64
74 West Avenue, 29842, Colorado, Beach, 64
77 7th Avenue, 95531, Delaware, Romantic, 79
42 Elm Avenue, 11155, Massachusetts, Amusement Park, 36
11 Elm Avenue, 14647, Michigan, Cafes, 4
99 North Avenue, 36339, Nevada, Amusement Park, 29
5 Sunset Avenue, 57006, Nevada, Monuments, 50
81 Oak Avenue, 50640, Massachusetts, Boxing, 35
11 1st Avenue, 81152, Louisiana, Concert, 87
89 East Avenue, 99023, South Carolina, Fishing, 66
94 3rd Avenue, 86740, Pennyslvania, Zoos, 4
55 Jackson Avenue, 4921, Washingston, Piers, 97
100 Lake Avenue, 56091, West Virginia, Monuments, 30
58 6th Avenue, 73576, North Carolina, Piers, 28
83 Redwood Avenue, 49628, Maryland, Monuments, 25
17 Lake Avenue, 81741, Arkansas, Shopping Mall, 41
10 South Avenue, 30464, Oregon, Beach, 21
45 North Avenue, 77491, Hawaii, Fishing, 42
83 3rd Avenue, 67157, Maine, Basketball, 85
30 Elm Avenue, 52434, North Carolina, Shopping Mall, 82
53 3rd Avenue, 20323, Louisiana, Romantic, 84
50 Willow Avenue, 33657, Texas, Cafes, 72
71 Apache Avenue, 37756, Pennyslvania, Pool, 42
6 8th Avenue, 95601, New Mexico, Zoos, 95
17 4th Avenue, 11335, Connecticut, Volleyball, 3
18 5th Avenue, 34268, Maryland, Beach, 82
54 Maple Avenue, 13754, Colorado, Volleyball, 92
66 East Avenue, 21232, North Carolina, Park, 81
88 7th Avenue, 10474, Missouri, Beach, 65
26 Apache Avenue, 96436, Hawaii, Basketball, 71
8 7th Avenue, 60262, South Dakota, Art Gallery, 13
13 Park Avenue, 48490, Georgia, Basketball, 18
30 1st Avenue, 20705, Rhode Island, Food, 97
70 Meadow Avenue, 21279, Nebraska, Pool, 55
92 Pine Avenue, 90183, Florida, Boxing, 81
6 West Avenue, 71071, Delaware, Holiday, 60
8 Lake Avenue, 73567, Washingston, Romantic, 75
25 Redwood Avenue, 74066, Minnesota, Zoos, 22
40 North Avenue, 46980, Minnesota, Piers, 32
36 Main Avenue, 46253, Washington D.C., Skiing, 1
74 Oak Avenue, 50709, Vermont, Cafes, 20
92 South Avenue, 89082, Alaska, Holiday, 61
13 Maple Avenue, 91246, Texas, Zoos, 1
65 Maple Avenue, 34693, South Carolina, Bowling, 26
50 Evergreen Avenue, 47657, Oklahoma, Hiking, 79
58 Sunset Avenue, 97184, Oregon, Basketball, 85
89 North Avenue, 82746, Maine, Cafes, 5
93 Lake Avenue, 80352, New Jersey, Amusement Park, 66
38 Maple Avenue, 61008, Kentucky, Zoos, 87
59 1st Avenue, 10440, New York, Volleyball, 46
98 East Avenue, 82414, Iowa, Fishing, 89
35 Ridge Avenue, 70310, Idaho, Concert, 4
57 3rd Avenue, 16577, Illinois, Hiking, 53
50 Jackson Avenue, 16991, Washingston, Basketball, 65
22 Sunset Avenue, 94390, Connecticut, Park, 52
61 Ridge Avenue, 12680, Hawaii, Ponds, 34
7 Pine Avenue, 81451, Montana, Boxing, 60
85 Birch Avenue, 91912, Alabama, Bowling, 2
90 Ridge Avenue, 78828, Vermont, Food, 17
54 Birch Avenue, 53953, Kansas, Food, 99
57 South Avenue, 92637, Wyoming, Haunted, 22
17 Pine Avenue, 87388, Minnesota, Tennis, 69
50 Maple Avenue, 47236, Minnesota, Beach, 8
48 Redwood Avenue, 86218, Wisconsin, Tennis, 15
18 Willow Avenue, 62925, Utah, Art Gallery, 19
61 Birch Avenue, 19901, Arizona, Volleyball, 8
9 Sunset Avenue, 58670, Washingston, Shopping Mall, 71
17 8th Avenue, 75934, Delaware, Skiing, 25
92 Oak Avenue, 59431, Delaware, Carnivals, 24
53 Meadow Avenue, 11854, Indiana, Ponds, 74
92 Maple Avenue, 21366, South Carolina, Concert, 57
55 2nd Avenue, 58124, Alaska, Cafes, 63
98 Pine Avenue, 92192, Washingston, Tennis, 6
16 Willow Avenue, 51311, Oregon, Apple Picking, 89
35 Park Avenue, 16130, California, Concert, 32
50 East Avenue, 98147, Vermont, Pool, 31
30 Oak Avenue, 39607, Indiana, Carnivals, 59
91 Sunset Avenue, 56896, Washingston, Romantic, 65
99 Evergreen Avenue, 70387, California, Park, 90
35 Elm Avenue, 25461, Illinois, Food, 64
78 Evergreen Avenue, 89035, Wyoming, Carnivals, 19
14 Apache Avenue, 90483, North Dakota, Park, 63
5 South Avenue, 25501, North Carolina, Food, 9
13 7th Avenue, 59883, Washingston, Holiday, 81
41 East Avenue, 4108, New Jersey, Cafes, 2
59 Sunset Avenue, 45181, New York, Fishing, 89
16 Maple Avenue, 59512, Arkansas, Swimming, 80
81 Elm Avenue, 97424, Utah, Piers, 97
15 Evergreen Avenue, 55826, New Hampshire, Basketball, 12
85 Willow Avenue, 51299, Maine, Skiing, 5
91 Main Avenue, 92287, Idaho, Apple Picking, 60
39 Apache Avenue, 46414, Vermont, Skiing, 97
76 South Avenue, 63935, Alaska, Skiing, 32
12 Hillside Avenue, 13424, Pennyslvania, Carnivals, 30
79 5th Avenue, 46445, Florida, Ponds, 39
78 Pine Avenue, 74671, Kansas, Haunted, 59
4 Evergreen Avenue, 9239, Louisiana, Carnivals, 29
11 2nd Avenue, 23428, Nevada, Beach, 33
66 Park Avenue, 75342, Nebraska, Tennis, 70
8 3rd Avenue, 46538, Kansas, Zoos, 40
71 Lake Avenue, 81951, Mississippi, Zoos, 27
68 3rd Avenue, 6350, Louisiana, Concert, 32
16 Apache Avenue, 29641, South Carolina, Fishing, 31
77 Sunset Avenue, 76784, West Virginia, Holiday, 30
26 9th Avenue, 83472, Nevada, Bowling, 26
35 South Avenue, 80411, Illinois, Skiing, 86
40 Sunset Avenue, 59088, Pennyslvania, Art Gallery, 31
66 Oak Avenue, 13469, Oregon, Art Gallery, 84
22 West Avenue, 31428, New Hampshire, Holiday, 24
85 Pine Avenue, 42828, South Dakota, Ponds, 32
61 Hillside Avenue, 64167, Utah, Ponds, 59
92 Ridge Avenue, 42810, Iowa, Food, 62
97 North Avenue, 24986, South Dakota, Shopping Mall, 82
38 Sunset Avenue, 29298, Pennyslvania, Carnivals, 7
5 Oak Avenue, 67131, New Jersey, Ponds, 21
67 West Avenue, 70656, North Carolina, Boxing, 65
57 8th Avenue, 70894, Illinois, Basketball, 3
6 5th Avenue, 21194, Nevada, Cafes, 3
11 Oak Avenue, 66000, Mississippi, Piers, 5
27 Pine Avenue, 50262, California, Food, 55
38 2nd Avenue, 87666, Florida, Cafes, 28
32 1st Avenue, 3405, South Carolina, Concert, 87
67 Jackson Avenue, 61981, California, Cafes, 20
64 Apache Avenue, 6452, Nebraska, Concert, 87
41 South Avenue, 16058, Arkansas, Romantic, 88
61 Meadow Avenue, 17485, Idaho, Food, 34
53 Oak Avenue, 24718, Alabama, Feeding Animals, 75
82 8th Avenue, 84720, Maine, Holiday, 20
96 Willow Avenue, 87243, Missouri, Monuments, 22
7 Park Avenue, 67434, New Jersey, Piers, 96
80 West Avenue, 54601, Maine, Hiking, 56
42 Oak Avenue, 13290, Oklahoma, Holiday, 5
14 Elm Avenue, 44771, Washington D.C., Basketball, 30
90 Meadow Avenue, 81651, Rhode Island, Shopping Mall, 58
20 Park Avenue, 28603, Vermont, Skiing, 84
43 Lake Avenue, 69119, Rhode Island, Basketball, 66
27 East Avenue, 32354, South Carolina, Zoos, 48
16 2nd Avenue, 89129, New Mexico, Skiing, 5
90 Meadow Avenue, 17771, Connecticut, Cafes, 35
77 Park Avenue, 21102, Connecticut, Concert, 3
2 8th Avenue, 79734, Virginia, Beach, 46
51 7th Avenue, 3505, Kansas, Shopping Mall, 63
37 Lake Avenue, 7613, Massachusetts, Basketball, 92
9 Sunset Avenue, 54570, Illinois, Muesems, 55
1 Sunset Avenue, 31099, Rhode Island, Bowling, 34
66 Sunset Avenue, 64086, Mississippi, Zoos, 16
44 South Avenue, 67460, Oklahoma, Muesems, 48
92 Main Avenue, 42375, New Jersey, Food, 49
30 2nd Avenue, 81395, Maine, Basketball, 1
28 Pine Avenue, 49191, Connecticut, Boxing, 37
93 Evergreen Avenue, 39650, Maine, Food, 33
73 Pine Avenue, 22300, South Carolina, Bowling, 58
21 9th Avenue, 16020, Colorado, Tennis, 22
92 Ridge Avenue, 44331, Mississippi, Basketball, 64
6 Ridge Avenue, 34884, Colorado, Ponds, 20
28 South Avenue, 74161, Wyoming, Holiday, 27
60 Sunset Avenue, 2987, Indiana, Fishing, 79
93 Jackson Avenue, 37919, Vermont, Monuments, 34
57 East Avenue, 49504, Hawaii, Muesems, 28
100 2nd Avenue, 2123, Missouri, Haunted, 35
54 Ridge Avenue, 71376, Wisconsin, Basketball, 47
65 West Avenue, 2415, Massachusetts, Tennis, 74
90 Birch Avenue, 28933, Rhode Island, Apple Picking, 73
85 Sunset Avenue, 90171, Kentucky, Bowling, 3
31 Sunset Avenue, 44431, Virginia, Basketball, 21
35 1st Avenue, 86431, North Carolina, Piers, 23
6 Oak Avenue, 67800, Kentucky, Amusement Park, 75
3 9th Avenue, 69299, Louisiana, Fishing, 49
31 Oak Avenue, 76389, Delaware, Haunted, 45
99 South Avenue, 94062, Colorado, Tennis, 2
84 Birch Avenue, 12438, Washington D.C., Skiing, 95
49 3rd Avenue, 44906, Arkansas, Monuments, 4
30 Ridge Avenue, 73068, Texas, Piers, 58
25 Jackson Avenue, 39435, Maryland, Beach, 59
93 West Avenue, 55078, North Dakota, Holiday, 85
33 Maple Avenue, 24974, Georgia, Volleyball, 19
51 Lake Avenue, 66609, Oklahoma, Park, 12
70 East Avenue, 85080, Colorado, Carnivals, 25
43 10th Avenue, 48424, Kentucky, Fishing, 15
60 Redwood Avenue, 67074, Kentucky, Park, 31
30 Pine Avenue, 4271, Louisiana, Swimming, 23
63 East Avenue, 528, West Virginia, Basketball, 25
53 Pine Avenue, 16546, Arizona, Holiday, 18
86 9th Avenue, 68106, Utah, Skiing, 60
40 Ridge Avenue, 4843, South Carolina, Cafes, 45
86 Jackson Avenue, 84568, Minnesota, Feeding Animals, 39
50 Ridge Avenue, 3939, Kansas, Tennis, 1
7 Apache Avenue, 78808, Delaware, Art Gallery, 55
89 Birch Avenue, 8039, New Hampshire, Bowling, 91
75 3rd Avenue, 80942, Tennessee, Concert, 47
43 Jackson Avenue, 78535, Minnesota, Food, 59
16 Hillside Avenue, 22573, Georgia, Monuments, 7
2 Apache Avenue, 95574, Delaware, Cafes, 7
7 Jackson Avenue, 62574, Utah, Zoos, 74
80 Apache Avenue, 92603, Alabama, Bowling, 53
63 Sunset Avenue, 6290, Washingston, Hiking, 65
20 Apache Avenue, 31689, Massachusetts, Haunted, 8
14 10th Avenue, 86212, Colorado, Ponds, 12
17 Birch Avenue, 28490, Nevada, Skiing, 15
17 Elm Avenue, 47994, Michigan, Boxing, 53
41 3rd Avenue, 74442, Alaska, Hiking, 73
66 Elm Avenue, 92319, Texas, Holiday, 18
62 4th Avenue, 96212, Montana, Fishing, 86
80 2nd Avenue, 22286, Rhode Island, Zoos, 17
24 3rd Avenue, 51970, New York, Cafes, 54
47 Main Avenue, 29134, Washingston, Boxing, 65
93 Park Avenue, 15234, Colorado, Food, 82
77 3rd Avenue, 55719, Pennyslvania, Food, 30
67 Pine Avenue, 75051, Kentucky, Apple Picking, 29
18 Hillside Avenue, 75531, Nevada, Art Gallery, 66
78 3rd Avenue, 97125, South Carolina, Boxing, 21
23 8th Avenue, 45889, New Hampshire, Pool, 46
73 5th Avenue, 68456, Minnesota, Basketball, 69
6 Pine Avenue, 42998, Wyoming, Bowling, 36
87 East Avenue, 13253, Arizona, Muesems, 42
89 Oak Avenue, 69378, Tennessee, Romantic, 85
83 2nd Avenue, 64911, Tennessee, Cafes, 50
30 East Avenue, 23928, Ohio, Concert, 62
85 Oak Avenue, 46155, Kansas, Pool, 31
18 Oak Avenue, 11976, New Jersey, Zoos, 4
53 Sunset Avenue, 86458, Nevada, Tennis, 14
28 10th Avenue, 20480, Nevada, Concert, 81
32 5th Avenue, 14617, Hawaii, Holiday, 30
53 Willow Avenue, 91105, Nebraska, Boxing, 18
47 7th Avenue, 18818, Nevada, Monuments, 56
99 North Avenue, 28549, Montana, Art Gallery, 37
29 Maple Avenue, 47761, South Dakota, Tennis, 34
43 Ridge Avenue, 36096, Nevada, Beach, 74
52 1st Avenue, 71046, Indiana, Pool, 78
63 Sunset Avenue, 3373, Massachusetts, Carnivals, 30
63 7th Avenue, 74404, Utah, Haunted, 85
63 7th Avenue, 84296, Florida, Beach, 13
40 Pine Avenue, 80750, Hawaii, Basketball, 39
63 Apache Avenue, 417, Alaska, Haunted, 47
72 Redwood Avenue, 96370, Mississippi, Beach, 51
97 8th Avenue, 88385, Washingston, Muesems, 65
45 Sunset Avenue, 76597, Delaware, Fishing, 90
62 Sunset Avenue, 4734, Oklahoma, Food, 52
79 Main Avenue, 15917, Texas, Basketball, 58
59 3rd Avenue, 48381, Nevada, Apple Picking, 92
13 4th Avenue, 57870, South Carolina, Cafes, 18
86 4th Avenue, 68456, Vermont, Cafes, 50
98 South Avenue, 39287, Oregon, Romantic, 16
66 5th Avenue, 89773, Florida, Bowling, 21
67 Redwood Avenue, 41517, Michigan, Apple Picking, 31
89 South Avenue, 96972, Nebraska, Art Gallery, 11
41 Oak Avenue, 11105, Indiana, Skiing, 13
21 Jackson Avenue, 9491, Pennyslvania, Piers, 47
76 Pine Avenue, 8312, Arkansas, Carnivals, 39
21 Hillside Avenue, 8113, Massachusetts, Bowling, 63
55 Willow Avenue, 35216, Minnesota, Beach, 80
17 Hillside Avenue, 50348, Mississippi, Skiing, 30
72 6th Avenue, 74239, Kansas, Volleyball, 55
14 3rd Avenue, 52816, Rhode Island, Ponds, 67
54 Elm Avenue, 86820, Georgia, Hiking, 36
59 Jackson Avenue, 93289, Wyoming, Art Gallery, 51
28 Ridge Avenue, 72744, California, Boxing, 91
35 Maple Avenue, 47800, Massachusetts, Pool, 42
23 Ridge Avenue, 69140, Minnesota, Skiing, 59
74 East Avenue, 31332, Tennessee, Swimming, 46
41 Hillside Avenue, 41452, Arkansas, Carnivals, 31
8 5th Avenue, 24400, Alaska, Haunted, 67
69 Redwood Avenue, 14313, Montana, Food, 94
57 10th Avenue, 78281, Kentucky, Haunted, 83
80 7th Avenue, 43786, North Dakota, Amusement Park, 82
100 Jackson Avenue, 78799, Washington D.C., Piers, 83
20 Maple Avenue, 88873, Montana, Monuments, 43
26 8th Avenue, 66245, Mississippi, Beach, 0
74 North Avenue, 15542, Wyoming, Skiing, 47
53 Main Avenue, 38595, Wyoming, Concert, 93
92 3rd Avenue, 91164, North Dakota, Park, 73
64 2nd Avenue, 99545, Washingston, Monuments, 51
29 2nd Avenue, 5491, Hawaii, Ponds, 43
65 Park Avenue, 67987, Nebraska, Amusement Park, 57
51 Park Avenue, 87025, Connecticut, Feeding Animals, 6
23 4th Avenue, 27225, North Carolina, Beach, 5
71 Sunset Avenue, 917, Maine, Volleyball, 88
57 Elm Avenue, 9536, Kentucky, Apple Picking, 95
12 Birch Avenue, 18739, Vermont, Tennis, 42
19 9th Avenue, 84460, Rhode Island, Monuments, 89
34 Sunset Avenue, 57821, Illinois, Basketball, 85
19 9th Avenue, 28892, Minnesota, Art Gallery, 42
84 Jackson Avenue, 69970, Tennessee, Concert, 63
62 Jackson Avenue, 92303, New York, Fishing, 12
87 7th Avenue, 53707, Missouri, Boxing, 80
27 North Avenue, 45458, Indiana, Basketball, 85
95 7th Avenue, 42218, Maine, Pool, 57
3 Jackson Avenue, 33665, Georgia, Concert, 50
12 3rd Avenue, 86210, New Mexico, Feeding Animals, 95
98 Birch Avenue, 2331, Oklahoma, Beach, 49
30 1st Avenue, 10216, Minnesota, Boxing, 76
53 3rd Avenue, 80420, Rhode Island, Basketball, 6
85 8th Avenue, 11260, New Jersey, Fishing, 36
97 Hillside Avenue, 86625, Maine, Skiing, 11
55 Evergreen Avenue, 37605, Montana, Muesems, 93
18 Sunset Avenue, 41089, Pennyslvania, Beach, 28
71 7th Avenue, 86578, Arkansas, Tennis, 32
22 Park Avenue, 82661, Massachusetts, Art Gallery, 51
100 1st Avenue, 72126, Colorado, Apple Picking, 78
74 Ridge Avenue, 96444, Maine, Skiing, 36
10 Jackson Avenue, 65314, Connecticut, Hiking, 41
60 Sunset Avenue, 52307, Wisconsin, Food, 17
82 Redwood Avenue, 76545, Arkansas, Volleyball, 28
43 North Avenue, 32462, South Carolina, Pool, 97
51 Willow Avenue, 67117, South Carolina, Concert, 94
52 5th Avenue, 38067, South Carolina, Bowling, 62
31 Sunset Avenue, 11854, South Carolina, Carnivals, 74
79 Maple Avenue, 56539, Iowa, Swimming, 17
1 8th Avenue, 41320, Oregon, Park, 18
26 Maple Avenue, 14899, Minnesota, Amusement Park, 24
76 Park Avenue, 16806, Virginia, Holiday, 61
69 Lake Avenue, 38288, California, Basketball, 87
46 2nd Avenue, 79991, Massachusetts, Tennis, 54
37 Park Avenue, 56277, Hawaii, Haunted, 33
69 6th Avenue, 61145, Connecticut, Basketball, 97
49 Evergreen Avenue, 28786, Oregon, Skiing, 41
43 West Avenue, 32702, Pennyslvania, Food, 10
61 Elm Avenue, 29146, Wisconsin, Holiday, 33
40 8th Avenue, 3508, Tennessee, Food, 46
81 Park Avenue, 97663, Georgia, Skiing, 3
93 3rd Avenue, 46615, North Dakota, Holiday, 67
1 Ridge Avenue, 33816, Idaho, Holiday, 34
1 Main Avenue, 64920, Missouri, Feeding Animals, 46
47 10th Avenue, 79095, Kansas, Art Gallery, 69
50 Pine Avenue, 32167, Kansas, Basketball, 95
8 Redwood Avenue, 98086, Maryland, Volleyball, 96
7 Willow Avenue, 88651, Oregon, Food, 14
21 Sunset Avenue, 96962, New Jersey, Swimming, 46
24 3rd Avenue, 11644, Oregon, Zoos, 90
37 Apache Avenue, 39351, Alabama, Concert, 17
79 Apache Avenue, 45625, Mississippi, Park, 55
5 Oak Avenue, 38100, Wyoming, Shopping Mall, 81
28 Birch Avenue, 99570, Maryland, Zoos, 93
80 9th Avenue, 76845, Massachusetts, Carnivals, 12
90 3rd Avenue, 19755, Iowa, Swimming, 94
78 West Avenue, 76597, California, Amusement Park, 58
49 9th Avenue, 76219, Louisiana, Hiking, 46
95 Main Avenue, 93787, Pennyslvania, Concert, 64
97 2nd Avenue, 49942, New York, Basketball, 66
87 West Avenue, 60640, Alabama, Fishing, 88
38 Hillside Avenue, 95043, Virginia, Zoos, 80
89 Elm Avenue, 82179, Tennessee, Piers, 91
54 South Avenue, 90288, Colorado, Piers, 52
92 South Avenue, 39016, Alaska, Amusement Park, 58
19 Evergreen Avenue, 54346, Oregon, Park, 81
73 Hillside Avenue, 50585, Colorado, Shopping Mall, 72
70 Willow Avenue, 13037, Georgia, Bowling, 90
87 3rd Avenue, 36156, Wisconsin, Beach, 22
66 Evergreen Avenue, 69013, Massachusetts, Ponds, 30
89 Oak Avenue, 14903, Nebraska, Cafes, 67
36 Pine Avenue, 37029, Washingston, Tennis, 89
80 10th Avenue, 42315, New Jersey, Cafes, 10
4 10th Avenue, 62243, New Jersey, Ponds, 53
12 Evergreen Avenue, 1896, Delaware, Zoos, 41
78 7th Avenue, 99381, Idaho, Carnivals, 97
24 Apache Avenue, 19641, Ohio, Pool, 76
17 Elm Avenue, 89374, South Carolina, Swimming, 64
6 7th Avenue, 65569, Nebraska, Amusement Park, 56
8 West Avenue, 8949, Nebraska, Skiing, 65
45 South Avenue, 35656, Wisconsin, Park, 20
63 North Avenue, 28260, Washingston, Bowling, 71
13 10th Avenue, 12146, Hawaii, Tennis, 90
3 Pine Avenue, 60438, Michigan, Fishing, 22
42 Apache Avenue, 71487, North Dakota, Muesems, 42
95 West Avenue, 74618, Wisconsin, Skiing, 77
66 Jackson Avenue, 51709, Colorado, Muesems, 27
88 6th Avenue, 11481, Maine, Basketball, 47
17 3rd Avenue, 12981, Wyoming, Swimming, 79
23 5th Avenue, 90283, Missouri, Boxing, 41
70 East Avenue, 88841, Florida, Boxing, 74
63 Redwood Avenue, 33357, Nevada, Basketball, 55
12 Sunset Avenue, 21387, Louisiana, Pool, 88
46 Elm Avenue, 34984, New Hampshire, Skiing, 3
81 1st Avenue, 91414, Hawaii, Feeding Animals, 18
64 East Avenue, 22021, Maine, Romantic, 61
74 Hillside Avenue, 96585, Maryland, Shopping Mall, 51
20 Willow Avenue, 41532, Minnesota, Beach, 52
11 Main Avenue, 81277, Louisiana, Piers, 53
39 Ridge Avenue, 55232, Arizona, Park, 67
13 Apache Avenue, 39052, Maine, Basketball, 42
84 Lake Avenue, 2655, North Dakota, Park, 14
37 8th Avenue, 34028, California, Boxing, 23
61 2nd Avenue, 29536, Iowa, Pool, 81
47 South Avenue, 45787, Texas, Carnivals, 78
88 3rd Avenue, 9398, Maryland, Skiing, 16
85 6th Avenue, 58516, Arizona, Carnivals, 13
97 North Avenue, 55849, Florida, Beach, 50
90 Main Avenue, 65366, Hawaii, Basketball, 95
77 Meadow Avenue, 51292, Rhode Island, Zoos, 80
57 3rd Avenue, 15802, Rhode Island, Skiing, 25
12 North Avenue, 65978, Arizona, Amusement Park, 89
11 6th Avenue, 12255, Illinois, Basketball, 30
62 Main Avenue, 33080, Kansas, Monuments, 43
37 Evergreen Avenue, 36234, West Virginia, Basketball, 81
57 Jackson Avenue, 74381, Ohio, Swimming, 68
13 Hillside Avenue, 54656, Oklahoma, Piers, 49
35 4th Avenue, 4283, Alaska, Haunted, 88
66 8th Avenue, 19670, Hawaii, Pool, 20
77 Redwood Avenue, 10255, Oklahoma, Skiing, 81
99 9th Avenue, 74549, Vermont, Volleyball, 60
4 Main Avenue, 47603, New Hampshire, Food, 19
100 South Avenue, 13351, Georgia, Carnivals, 48
70 West Avenue, 28116, Utah, Cafes, 76
45 Oak Avenue, 64541, Pennyslvania, Muesems, 0
38 10th Avenue, 81240, North Dakota, Ponds, 26
98 Birch Avenue, 43358, Maine, Ponds, 35
94 Hillside Avenue, 89816, Maryland, Haunted, 61
88 Sunset Avenue, 64017, Oklahoma, Cafes, 97
28 Lake Avenue, 77264, Maryland, Food, 84
7 Maple Avenue, 96424, Massachusetts, Monuments, 8
86 Elm Avenue, 79905, Iowa, Pool, 62
87 Lake Avenue, 71670, West Virginia, Romantic, 25
48 9th Avenue, 5073, Montana, Volleyball, 93
54 Park Avenue, 71529, Alabama, Swimming, 52
15 1st Avenue, 56999, New Jersey, Park, 1
100 Jackson Avenue, 41638, Arizona, Skiing, 3
98 Sunset Avenue, 94144, Idaho, Fishing, 71
48 Jackson Avenue, 81989, Massachusetts, Cafes, 2
68 Apache Avenue, 21902, Florida, Basketball, 66
94 Evergreen Avenue, 22335, Mississippi, Park, 59
86 8th Avenue, 39446, Nebraska, Art Gallery, 25
6 8th Avenue, 26004, Colorado, Holiday, 63
57 Jackson Avenue, 1449, Minnesota, Piers, 63
100 Birch Avenue, 20161, Maryland, Tennis, 7
81 Ridge Avenue, 160, Oklahoma, Beach, 23
5 Elm Avenue, 13214, Colorado, Swimming, 67
72 Oak Avenue, 69166, Florida, Haunted, 57
14 South Avenue, 25290, West Virginia, Shopping Mall, 71
80 6th Avenue, 63768, New Hampshire, Boxing, 21
39 Lake Avenue, 56809, Alabama, Concert, 77
58 Jackson Avenue, 43867, Wyoming, Tennis, 72
62 8th Avenue, 91208, Nevada, Ponds, 81
83 Redwood Avenue, 60439, Ohio, Fishing, 89
54 Elm Avenue, 73387, Hawaii, Ponds, 82
63 Sunset Avenue, 21495, California, Basketball, 59
8 Maple Avenue, 42648, New Mexico, Food, 98
25 3rd Avenue, 30232, Oklahoma, Piers, 58
57 6th Avenue, 41706, Virginia, Zoos, 26
91 Willow Avenue, 6792, Ohio, Park, 17
37 Maple Avenue, 70897, Missouri, Fishing, 77
75 Ridge Avenue, 42304, Pennyslvania, Tennis, 31
6 3rd Avenue, 27367, Wisconsin, Monuments, 30
39 10th Avenue, 37827, Pennyslvania, Bowling, 71
41 10th Avenue, 62362, Delaware, Apple Picking, 60
13 6th Avenue, 14794, Kentucky, Food, 64
51 Birch Avenue, 62795, Minnesota, Amusement Park, 82
19 9th Avenue, 18808, California, Pool, 61
6 Lake Avenue, 88837, Wyoming, Holiday, 78
45 Sunset Avenue, 45832, Wyoming, Carnivals, 9
40 Redwood Avenue, 49827, North Dakota, Bowling, 64
55 Apache Avenue, 88004, South Carolina, Art Gallery, 58
4 4th Avenue, 91881, New York, Tennis, 1
52 North Avenue, 77673, Delaware, Romantic, 38
26 4th Avenue, 68754, Texas, Hiking, 7
62 Sunset Avenue, 67174, South Carolina, Art Gallery, 91
10 Meadow Avenue, 71222, Vermont, Basketball, 82
36 Oak Avenue, 78620, Oklahoma, Concert, 72
16 6th Avenue, 27923, Wyoming, Shopping Mall, 4
84 Park Avenue, 44605, North Carolina, Holiday, 30
64 5th Avenue, 38646, New Mexico, Volleyball, 58
32 Redwood Avenue, 31796, Hawaii, Haunted, 66
80 Meadow Avenue, 57096, Hawaii, Concert, 8
82 Elm Avenue, 39081, North Dakota, Food, 62
44 Oak Avenue, 1958, Wisconsin, Art Gallery, 69
29 Park Avenue, 11897, Nevada, Shopping Mall, 15
14 5th Avenue, 43599, Wisconsin, Piers, 72
18 Oak Avenue, 41716, Wyoming, Hiking, 55
40 10th Avenue, 85125, Alaska, Park, 93
92 10th Avenue, 48574, Montana, Concert, 70
30 Birch Avenue, 13669, Pennyslvania, Feeding Animals, 0
31 Main Avenue, 62625, Oklahoma, Food, 59
88 South Avenue, 78644, Kansas, Monuments, 22
60 9th Avenue, 58317, Kentucky, Haunted, 21
36 9th Avenue, 52836, Missouri, Cafes, 6
17 3rd Avenue, 40131, Arizona, Concert, 35
31 6th Avenue, 46013, North Dakota, Art Gallery, 72
68 8th Avenue, 21679, North Carolina, Feeding Animals, 57
37 Meadow Avenue, 81980, Iowa, Boxing, 46
81 Main Avenue, 17428, Kansas, Romantic, 68
56 2nd Avenue, 69788, South Dakota, Feeding Animals, 49
6 Meadow Avenue, 96070, Kentucky, Swimming, 6
88 Evergreen Avenue, 55339, Louisiana, Boxing, 41
60 Park Avenue, 56728, Illinois, Piers, 56
13 Sunset Avenue, 37623, Mississippi, Monuments, 56
12 Apache Avenue, 13963, Virginia, Ponds, 31
25 Apache Avenue, 94561, Oregon, Shopping Mall, 33
91 Willow Avenue, 29359, South Carolina, Basketball, 96
63 Main Avenue, 78181, Maryland, Cafes, 74
54 Sunset Avenue, 79954, Georgia, Concert, 82
27 4th Avenue, 52183, Mississippi, Concert, 97
81 3rd Avenue, 56027, Alaska, Boxing, 70
99 North Avenue, 64776, Maryland, Romantic, 34
77 Main Avenue, 81433, Washington D.C., Art Gallery, 21
45 2nd Avenue, 96223, Alabama, Monuments, 36
100 8th Avenue, 44804, Maryland, Food, 21
48 Pine Avenue, 58411, Montana, Amusement Park, 36
69 5th Avenue, 31036, New Hampshire, Carnivals, 99
47 North Avenue, 56072, Iowa, Fishing, 61
27 Elm Avenue, 5452, North Carolina, Art Gallery, 95
98 Evergreen Avenue, 58110, Alaska, Cafes, 38
8 Pine Avenue, 54205, Nevada, Basketball, 1
47 Sunset Avenue, 60843, Vermont, Basketball, 74
24 1st Avenue, 32505, Oregon, Feeding Animals, 10
84 Meadow Avenue, 36598, Texas, Pool, 14
89 3rd Avenue, 54125, Connecticut, Cafes, 10
73 Main Avenue, 92826, Rhode Island, Volleyball, 90
50 Redwood Avenue, 29290, Arizona, Volleyball, 56
85 1st Avenue, 56168, New Mexico, Basketball, 33
69 Pine Avenue, 67497, Washington D.C., Swimming, 75
62 3rd Avenue, 84178, Alaska, Cafes, 28
64 7th Avenue, 32395, North Dakota, Tennis, 22
60 South Avenue, 84420, North Dakota, Skiing, 21
16 Evergreen Avenue, 43765, Missouri, Volleyball, 1
18 Maple Avenue, 75466, Maine, Tennis, 51
99 8th Avenue, 78726, Florida, Ponds, 46
50 Hillside Avenue, 85323, New Mexico, Apple Picking, 76
92 5th Avenue, 90833, Wyoming, Hiking, 93
74 5th Avenue, 62277, Delaware, Concert, 48
87 Ridge Avenue, 68379, Montana, Boxing, 58
30 West Avenue, 81547, Idaho, Basketball, 33
43 Redwood Avenue, 37540, Missouri, Holiday, 0
23 Pine Avenue, 3858, Arizona, Tennis, 72
68 Main Avenue, 11941, Utah, Cafes, 78
70 Sunset Avenue, 84507, Oregon, Park, 20
41 2nd Avenue, 44601, Mississippi, Bowling, 56
69 10th Avenue, 79765, Missouri, Zoos, 92
98 Maple Avenue, 19203, Illinois, Hiking, 2
18 Jackson Avenue, 7211, Illinois, Cafes, 60
6 Maple Avenue, 14068, Nevada, Swimming, 87
26 Oak Avenue, 69310, Tennessee, Cafes, 68
39 Lake Avenue, 48102, Maryland, Haunted, 0
37 Redwood Avenue, 31939, Hawaii, Volleyball, 82
100 West Avenue, 78256, Nevada, Apple Picking, 17
6 8th Avenue, 26426, Kentucky, Beach, 84
100 South Avenue, 99479, Nebraska, Muesems, 47
86 Redwood Avenue, 53625, New York, Volleyball, 25
86 Redwood Avenue, 38285, Texas, Feeding Animals, 28
13 Main Avenue, 85230, Indiana, Concert, 22
51 7th Avenue, 2424, Nevada, Amusement Park, 82
85 8th Avenue, 16301, Florida, Apple Picking, 80
93 Hillside Avenue, 99396, Oregon, Skiing, 16
11 Oak Avenue, 30957, New York, Muesems, 18
65 10th Avenue, 21838, Virginia, Boxing, 17
66 Lake Avenue, 48242, Delaware, Beach, 8
88 3rd Avenue, 87518, Connecticut, Boxing, 11
89 West Avenue, 10141, Idaho, Boxing, 96
58 6th Avenue, 86186, New Jersey, Pool, 22
91 5th Avenue, 27150, Wisconsin, Feeding Animals, 76
3 Ridge Avenue, 88463, Virginia, Holiday, 95
11 3rd Avenue, 69090, Alaska, Pool, 5
52 South Avenue, 6776, Nebraska, Feeding Animals, 93
78 Main Avenue, 17862, Vermont, Skiing, 57
64 West Avenue, 17517, California, Art Gallery, 46
18 1st Avenue, 43003, New Jersey, Tennis, 31
62 8th Avenue, 51723, Georgia, Haunted, 6
98 Sunset Avenue, 28205, Mississippi, Skiing, 14
98 1st Avenue, 32302, Wisconsin, Feeding Animals, 98
55 Willow Avenue, 65688, Illinois, Haunted, 39
29 Park Avenue, 40634, Utah, Boxing, 10
29 Elm Avenue, 17394, South Carolina, Art Gallery, 96
19 7th Avenue, 28258, Maine, Basketball, 6
22 Maple Avenue, 45405, Vermont, Swimming, 96
44 8th Avenue, 7860, Maryland, Skiing, 43
95 3rd Avenue, 3533, New Mexico, Volleyball, 61
38 10th Avenue, 12322, West Virginia, Boxing, 59
92 Sunset Avenue, 27537, Michigan, Cafes, 63
99 Sunset Avenue, 12357, Ohio, Muesems, 0
18 South Avenue, 11764, Minnesota, Amusement Park, 53
12 Park Avenue, 8024, Wyoming, Basketball, 93
88 Maple Avenue, 54016, Michigan, Cafes, 2
35 North Avenue, 63640, Nebraska, Pool, 76
90 West Avenue, 13210, Virginia, Volleyball, 51
71 Sunset Avenue, 54157, Indiana, Park, 48
98 Hillside Avenue, 50945, Maryland, Piers, 41
5 Maple Avenue, 95371, Alaska, Concert, 98
52 Jackson Avenue, 86238, North Carolina, Skiing, 63
65 9th Avenue, 54775, South Dakota, Feeding Animals, 45
53 10th Avenue, 82902, Oklahoma, Holiday, 13
43 North Avenue, 96255, North Carolina, Pool, 74
62 North Avenue, 29676, Washingston, Basketball, 25
8 Sunset Avenue, 8244, Hawaii, Boxing, 86
86 2nd Avenue, 18441, Massachusetts, Haunted, 66
79 Sunset Avenue, 88978, Oregon, Bowling, 93
12 East Avenue, 29063, Illinois, Romantic, 58
80 Willow Avenue, 42111, Rhode Island, Skiing, 24
3 1st Avenue, 21684, Montana, Tennis, 53
38 Lake Avenue, 59986, Maryland, Beach, 46
71 East Avenue, 10863, Alaska, Basketball, 6
75 2nd Avenue, 35914, Delaware, Feeding Animals, 89
31 South Avenue, 78148, Alabama, Art Gallery, 14
92 South Avenue, 25441, Wisconsin, Beach, 52
16 Meadow Avenue, 68553, Washington D.C., Piers, 1
20 Ridge Avenue, 55810, West Virginia, Food, 29
49 Elm Avenue, 37326, Maryland, Romantic, 87
20 Main Avenue, 11402, Oklahoma, Beach, 95
47 Meadow Avenue, 96404, Illinois, Food, 25
18 Birch Avenue, 31293, Illinois, Basketball, 81
54 5th Avenue, 19386, Wisconsin, Food, 55
67 Maple Avenue, 6241, Illinois, Bowling, 99
18 Park Avenue, 22477, Vermont, Beach, 70
63 Oak Avenue, 60286, Montana, Volleyball, 28
13 Willow Avenue, 3798, Massachusetts, Monuments, 53
31 Sunset Avenue, 68995, Iowa, Shopping Mall, 45
97 7th Avenue, 78190, Idaho, Volleyball, 63
55 Lake Avenue, 27142, North Dakota, Tennis, 94
31 Elm Avenue, 49744, Washingston, Park, 33
86 North Avenue, 75931, Michigan, Romantic, 14
24 Birch Avenue, 92756, Utah, Shopping Mall, 6
22 North Avenue, 32679, New Mexico, Tennis, 68
100 Pine Avenue, 11189, Maryland, Skiing, 47
34 Apache Avenue, 21247, New Mexico, Skiing, 93
86 Jackson Avenue, 20993, Rhode Island, Monuments, 81
48 Apache Avenue, 12860, Illinois, Basketball, 86
80 Hillside Avenue, 47854, California, Pool, 18
87 Oak Avenue, 84297, Kentucky, Ponds, 84
31 10th Avenue, 78009, New Mexico, Holiday, 68
34 9th Avenue, 7505, Ohio, Amusement Park, 89
51 Redwood Avenue, 1770, Kentucky, Volleyball, 80
64 Willow Avenue, 54220, Arkansas, Food, 19
85 5th Avenue, 26723, Connecticut, Zoos, 25
74 Redwood Avenue, 36443, Pennyslvania, Basketball, 11
99 Jackson Avenue, 37856, Connecticut, Volleyball, 70
37 Sunset Avenue, 66779, Missouri, Ponds, 96
96 9th Avenue, 69692, Texas, Apple Picking, 11
67 Main Avenue, 84208, Arizona, Shopping Mall, 99
89 Jackson Avenue, 78103, Louisiana, Tennis, 42
92 Elm Avenue, 59615, Alaska, Swimming, 44
7 Ridge Avenue, 96382, South Dakota, Art Gallery, 60
24 Main Avenue, 38212, Iowa, Romantic, 95
52 Ridge Avenue, 86567, Nebraska, Volleyball, 27
95 Sunset Avenue, 67812, Florida, Boxing, 87
62 Birch Avenue, 60286, Alaska, Boxing, 14
100 1st Avenue, 53694, Rhode Island, Fishing, 9
64 7th Avenue, 55026, Arkansas, Haunted, 75
91 4th Avenue, 21823, New Hampshire, Amusement Park, 93
86 Ridge Avenue, 61263, Louisiana, Shopping Mall, 67
4 East Avenue, 48149, Connecticut, Ponds, 63
58 Meadow Avenue, 38252, New Hampshire, Cafes, 37
69 Meadow Avenue, 95571, New York, Ponds, 68
59 Park Avenue, 19231, Ohio, Piers, 36
74 South Avenue, 72694, Indiana, Haunted, 60
15 Main Avenue, 54070, Pennyslvania, Cafes, 83
22 Ridge Avenue, 96450, Nevada, Art Gallery, 7
17 Oak Avenue, 47039, Wisconsin, Feeding Animals, 61
92 Park Avenue, 66169, Illinois, Apple Picking, 82
76 Main Avenue, 7096, New Hampshire, Swimming, 9
30 Park Avenue, 51782, Illinois, Swimming, 25
91 North Avenue, 42035, Ohio, Holiday, 96
81 Jackson Avenue, 24692, Missouri, Muesems, 70
63 Jackson Avenue, 91754, Kansas, Tennis, 39
23 7th Avenue, 19026, California, Bowling, 11
48 8th Avenue, 47792, Maine, Amusement Park, 40
41 6th Avenue, 94778, Oklahoma, Shopping Mall, 12
86 Apache Avenue, 65930, Minnesota, Art Gallery, 32
42 1st Avenue, 66166, Tennessee, Swimming, 96
8 3rd Avenue, 64195, North Carolina, Art Gallery, 97
6 9th Avenue, 73621, Oregon, Hiking, 19
90 Willow Avenue, 2697, Arizona, Haunted, 33
11 North Avenue, 77344, North Dakota, Feeding Animals, 44
7 West Avenue, 40004, West Virginia, Park, 33
39 Jackson Avenue, 27467, Alaska, Food, 58
34 4th Avenue, 72381, Hawaii, Fishing, 87
35 Sunset Avenue, 23531, Alaska, Romantic, 72
26 10th Avenue, 44335, Texas, Boxing, 53
97 Birch Avenue, 12880, Virginia, Romantic, 69
44 Sunset Avenue, 68699, North Carolina, Beach, 71
45 North Avenue, 44159, Mississippi, Haunted, 99
96 4th Avenue, 25309, Kansas, Fishing, 0
4 North Avenue, 2085, South Dakota, Fishing, 73
90 4th Avenue, 35933, Nebraska, Volleyball, 26
56 6th Avenue, 21687, Ohio, Basketball, 9
29 Jackson Avenue, 24181, Massachusetts, Feeding Animals, 65
56 Pine Avenue, 50523, Michigan, Hiking, 51
25 Lake Avenue, 29489, Vermont, Volleyball, 88
68 North Avenue, 97672, Massachusetts, Basketball, 61
85 9th Avenue, 93420, Massachusetts, Shopping Mall, 75
57 Maple Avenue, 89744, Kentucky, Concert, 58
1 Ridge Avenue, 92969, Arizona, Beach, 48
17 Lake Avenue, 7364, Oklahoma, Cafes, 64
91 Apache Avenue, 79612, Wyoming, Haunted, 4
7 1st Avenue, 25811, South Carolina, Shopping Mall, 38
91 Sunset Avenue, 37555, Kentucky, Skiing, 11
97 7th Avenue, 15310, Maine, Bowling, 74
97 West Avenue, 92075, New Jersey, Volleyball, 19
99 Jackson Avenue, 39201, Iowa, Cafes, 82
55 Sunset Avenue, 29647, Rhode Island, Cafes, 58
66 Jackson Avenue, 72225, Vermont, Zoos, 62
86 4th Avenue, 88902, Connecticut, Piers, 14
98 1st Avenue, 55988, West Virginia, Volleyball, 42
61 2nd Avenue, 27370, Alaska, Basketball, 5
18 2nd Avenue, 37845, South Carolina, Beach, 39
65 2nd Avenue, 96807, New York, Hiking, 88
83 Ridge Avenue, 15140, Montana, Concert, 71
42 Park Avenue, 94152, Maine, Muesems, 72
63 Ridge Avenue, 19662, Missouri, Amusement Park, 36
21 North Avenue, 28863, Florida, Zoos, 1
87 West Avenue, 95159, Kansas, Pool, 91
49 Birch Avenue, 41501, Nebraska, Piers, 27
13 Sunset Avenue, 91980, Arkansas, Park, 23
63 Oak Avenue, 69565, Pennyslvania, Boxing, 96
28 Birch Avenue, 33925, Oregon, Piers, 73
83 Willow Avenue, 77844, West Virginia, Swimming, 93
59 South Avenue, 9255, Maine, Cafes, 21
80 Hillside Avenue, 35613, New Hampshire, Romantic, 38
93 Meadow Avenue, 31364, Arizona, Basketball, 59
3 Redwood Avenue, 38039, Indiana, Pool, 79
78 Sunset Avenue, 93147, Massachusetts, Park, 58
60 Meadow Avenue, 42904, South Carolina, Ponds, 48
79 Ridge Avenue, 35913, Georgia, Basketball, 88
60 Sunset Avenue, 12377, Missouri, Concert, 33
1 Sunset Avenue, 65625, Texas, Bowling, 96
54 Sunset Avenue, 46615, Vermont, Beach, 83
53 8th Avenue, 13507, Missouri, Skiing, 39
97 Meadow Avenue, 49984, Oregon, Hiking, 89
52 South Avenue, 51874, Pennyslvania, Feeding Animals, 98
4 Oak Avenue, 10101, Alaska, Feeding Animals, 90
91 7th Avenue, 84464, Kansas, Fishing, 82
56 10th Avenue, 40035, Missouri, Bowling, 68
71 5th Avenue, 47920, Alaska, Park, 20
90 Willow Avenue, 65105, Nevada, Haunted, 1
61 North Avenue, 48558, Utah, Muesems, 67
11 9th Avenue, 25692, Hawaii, Amusement Park, 25
3 1st Avenue, 32112, Michigan, Hiking, 89
17 Park Avenue, 3950, Washington D.C., Cafes, 79
18 5th Avenue, 64802, North Dakota, Volleyball, 50
12 5th Avenue, 14945, Georgia, Bowling, 63
89 6th Avenue, 33980, Washingston, Hiking, 74
98 Willow Avenue, 55632, North Carolina, Feeding Animals, 88
88 Jackson Avenue, 62804, Washingston, Swimming, 88
34 10th Avenue, 10571, Florida, Swimming, 61
53 Pine Avenue, 98189, Hawaii, Food, 84
84 Lake Avenue, 7835, Kansas, Amusement Park, 54
4 Ridge Avenue, 49605, Nebraska, Ponds, 89
67 4th Avenue, 25421, Florida, Amusement Park, 52
1 7th Avenue, 92211, New Jersey, Apple Picking, 61
43 Sunset Avenue, 76753, Rhode Island, Beach, 71
18 8th Avenue, 99871, Vermont, Feeding Animals, 77
50 North Avenue, 41274, South Dakota, Romantic, 79
24 South Avenue, 40256, Louisiana, Piers, 77
45 North Avenue, 45546, North Carolina, Boxing, 36
87 4th Avenue, 62523, Mississippi, Park, 26
78 Evergreen Avenue, 92869, Hawaii, Tennis, 24
37 Willow Avenue, 77997, Texas, Carnivals, 90
93 North Avenue, 46659, New Jersey, Fishing, 95
40 Birch Avenue, 39651, West Virginia, Bowling, 54
56 5th Avenue, 24586, New York, Pool, 91
54 7th Avenue, 69379, Oklahoma, Basketball, 64
12 North Avenue, 53257, Louisiana, Pool, 48
100 1st Avenue, 86713, Kansas, Basketball, 24
98 Evergreen Avenue, 17032, North Carolina, Carnivals, 41
9 Main Avenue, 77615, Iowa, Swimming, 71
43 Evergreen Avenue, 1945, Vermont, Cafes, 73
13 7th Avenue, 43872, Nevada, Carnivals, 73
31 Willow Avenue, 28207, Missouri, Piers, 85
39 Park Avenue, 6482, Colorado, Cafes, 81
17 Sunset Avenue, 52965, Maine, Volleyball, 41
17 Lake Avenue, 60748, Mississippi, Food, 90
64 8th Avenue, 20111, Nebraska, Monuments, 84
78 Lake Avenue, 85566, Maine, Romantic, 66
76 West Avenue, 33456, Utah, Romantic, 67
99 Birch Avenue, 16010, Virginia, Basketball, 13
15 Redwood Avenue, 28464, Michigan, Amusement Park, 33
57 Sunset Avenue, 11081, Wyoming, Boxing, 99
32 Birch Avenue, 57122, Hawaii, Volleyball, 97
94 Sunset Avenue, 38599, Rhode Island, Cafes, 10
49 Sunset Avenue, 71769, Montana, Park, 48
1 9th Avenue, 60652, South Dakota, Zoos, 0
17 Oak Avenue, 43833, Maryland, Beach, 95
82 6th Avenue, 33730, New York, Cafes, 44
80 Hillside Avenue, 14857, Mississippi, Zoos, 93
71 6th Avenue, 34521, Washingston, Piers, 62
47 5th Avenue, 28345, New Hampshire, Hiking, 91
94 Meadow Avenue, 64069, Montana, Tennis, 55
99 7th Avenue, 3919, Massachusetts, Zoos, 4
62 9th Avenue, 36837, Wyoming, Feeding Animals, 88
22 Ridge Avenue, 95390, Nevada, Feeding Animals, 30
97 Birch Avenue, 18750, Delaware, Amusement Park, 13
14 Maple Avenue, 85439, New Hampshire, Muesems, 59
32 Lake Avenue, 76201, Massachusetts, Ponds, 84
9 Park Avenue, 31264, Tennessee, Cafes, 66
63 Hillside Avenue, 61718, Ohio, Pool, 96
16 Jackson Avenue, 30670, South Dakota, Ponds, 29
18 Redwood Avenue, 34667, Florida, Art Gallery, 44
38 7th Avenue, 76856, Nevada, Fishing, 82
99 Main Avenue, 68581, Colorado, Boxing, 68
43 5th Avenue, 49692, Alaska, Pool, 66
28 Evergreen Avenue, 98458, Arizona, Holiday, 0
78 Birch Avenue, 68127, Nevada, Shopping Mall, 76
32 10th Avenue, 67002, West Virginia, Ponds, 26
58 4th Avenue, 17628, Ohio, Romantic, 13
18 West Avenue, 45092, Wisconsin, Pool, 78
68 Pine Avenue, 81824, Nevada, Skiing, 35
4 Maple Avenue, 81582, California, Carnivals, 3
31 Sunset Avenue, 91586, North Dakota, Ponds, 42
12 Sunset Avenue, 78169, Colorado, Holiday, 49
48 North Avenue, 91226, Missouri, Food, 13
98 Lake Avenue, 23108, Ohio, Boxing, 73
99 Ridge Avenue, 28490, Montana, Food, 81
63 Meadow Avenue, 83159, Utah, Park, 7
92 Meadow Avenue, 7881, Utah, Monuments, 70
62 Evergreen Avenue, 10759, Louisiana, Bowling, 10
34 South Avenue, 91074, Connecticut, Cafes, 9
65 Park Avenue, 29109, North Carolina, Zoos, 32
78 Birch Avenue, 78024, South Dakota, Muesems, 32
26 Hillside Avenue, 15730, Texas, Art Gallery, 17
22 Redwood Avenue, 93190, Arizona, Concert, 20
45 Main Avenue, 88063, South Dakota, Apple Picking, 43
32 Evergreen Avenue, 76292, Delaware, Pool, 57
76 Meadow Avenue, 63111, Arkansas, Apple Picking, 94
39 Meadow Avenue, 80058, Rhode Island, Apple Picking, 66
33 North Avenue, 3610, Missouri, Concert, 60
85 Birch Avenue, 20837, Mississippi, Cafes, 75
25 West Avenue, 43519, Colorado, Romantic, 98
38 West Avenue, 94339, Washingston, Holiday, 40
40 4th Avenue, 70197, Alaska, Skiing, 66
63 Main Avenue, 29682, Washington D.C., Haunted, 58
100 Redwood Avenue, 37420, Pennyslvania, Ponds, 32
37 8th Avenue, 65978, Connecticut, Swimming, 15
37 Sunset Avenue, 8479, Washington D.C., Concert, 78
78 East Avenue, 68850, Oregon, Food, 11
16 10th Avenue, 85792, Pennyslvania, Holiday, 75
73 North Avenue, 31244, Nevada, Romantic, 2
41 Pine Avenue, 71455, Alabama, Amusement Park, 90
3 Apache Avenue, 98600, Tennessee, Food, 92
92 Hillside Avenue, 60196, New Mexico, Food, 39
91 2nd Avenue, 90679, Idaho, Basketball, 4
10 6th Avenue, 67947, Wisconsin, Fishing, 87
5 Jackson Avenue, 4918, Wyoming, Apple Picking, 64
5 8th Avenue, 55523, Utah, Volleyball, 60
69 Pine Avenue, 17514, Pennyslvania, Muesems, 10
12 Ridge Avenue, 86150, Connecticut, Apple Picking, 63
100 10th Avenue, 8033, Maryland, Hiking, 96
81 5th Avenue, 86951, Kansas, Swimming, 72
28 9th Avenue, 29741, Tennessee, Romantic, 85
42 1st Avenue, 5560, Michigan, Haunted, 78
70 10th Avenue, 14245, Maine, Feeding Animals, 47
69 Birch Avenue, 14111, Georgia, Carnivals, 23
15 Willow Avenue, 26821, Rhode Island, Basketball, 81
4 Birch Avenue, 27876, North Carolina, Carnivals, 0
22 East Avenue, 87669, Arizona, Zoos, 70
31 6th Avenue, 46814, Iowa, Fishing, 14
55 Park Avenue, 87424, Rhode Island, Fishing, 33
89 Meadow Avenue, 78368, Wisconsin, Skiing, 76
17 6th Avenue, 81603, Arkansas, Pool, 5
68 Birch Avenue, 39104, Wyoming, Concert, 15
96 Redwood Avenue, 99818, Ohio, Skiing, 92
42 3rd Avenue, 61119, Alaska, Amusement Park, 29
87 Redwood Avenue, 71205, Massachusetts, Volleyball, 11
93 Oak Avenue, 54542, Missouri, Shopping Mall, 72
97 Oak Avenue, 69865, Mississippi, Park, 4
6 East Avenue, 67769, South Carolina, Swimming, 30
32 Park Avenue, 701, Louisiana, Pool, 36
24 South Avenue, 36087, Utah, Zoos, 32
1 Evergreen Avenue, 56933, Ohio, Piers, 5
87 9th Avenue, 3443, Louisiana, Basketball, 28
29 Maple Avenue, 69033, Alaska, Cafes, 46
42 Birch Avenue, 24694, Colorado, Monuments, 97
4 Hillside Avenue, 83594, Missouri, Pool, 78
30 Elm Avenue, 59175, California, Bowling, 56
39 Redwood Avenue, 85179, West Virginia, Basketball, 66
33 9th Avenue, 63644, Connecticut, Skiing, 62
83 Park Avenue, 28297, Connecticut, Beach, 57
25 South Avenue, 42154, South Carolina, Hiking, 9
47 Ridge Avenue, 50698, Iowa, Swimming, 31
16 Sunset Avenue, 49937, West Virginia, Carnivals, 99
91 6th Avenue, 46312, Ohio, Cafes, 40
1 2nd Avenue, 88654, Ohio, Ponds, 13
64 Elm Avenue, 32118, Hawaii, Carnivals, 36
53 Willow Avenue, 32693, Idaho, Zoos, 87
67 West Avenue, 79680, Virginia, Swimming, 18
18 Jackson Avenue, 70536, Alabama, Swimming, 2
34 Pine Avenue, 77003, Oklahoma, Art Gallery, 89
95 Lake Avenue, 33206, Minnesota, Pool, 35
33 9th Avenue, 22438, Nebraska, Hiking, 38
99 Sunset Avenue, 92184, Montana, Park, 16
67 1st Avenue, 8343, Maine, Apple Picking, 46
5 Lake Avenue, 27762, Maryland, Food, 26
