78 Meadow Avenue, 58160, Mississippi, Basketball
8 3rd Avenue, 56932, Pennyslvania, Monuments
90 10th Avenue, 51207, New Mexico, Food
74 Redwood Avenue, 2954, Montana, Skiing
26 Maple Avenue, 87544, Alabama, Concert
46 Main Avenue, 2462, Tennessee, Zoos
9 North Avenue, 78276, Mississippi, Bowling
52 7th Avenue, 38224, Wisconsin, Art Gallery
61 4th Avenue, 21553, New Mexico, Skiing
73 Park Avenue, 58987, New Mexico, Feeding Animals
10 North Avenue, 29596, Texas, Park
67 Maple Avenue, 5337, Connecticut, Holiday
10 9th Avenue, 55826, West Virginia, Cafes
77 Sunset Avenue, 30338, Tennessee, Art Gallery
94 Redwood Avenue, 22878, Wisconsin, Haunted
53 Hillside Avenue, 22059, North Carolina, Ponds
69 Oak Avenue, 52887, Idaho, Art Gallery
3 Apache Avenue, 52417, Montana, Swimming
73 6th Avenue, 83061, New Jersey, Apple Picking
90 Maple Avenue, 80516, Oklahoma, Shopping Mall
97 West Avenue, 73119, Wyoming, Park
13 Jackson Avenue, 74600, Tennessee, Hiking
35 6th Avenue, 78156, Wisconsin, Skiing
89 Park Avenue, 87956, Idaho, Swimming
64 Evergreen Avenue, 35833, Oregon, Pool
72 Pine Avenue, 40274, Wisconsin, Bowling
55 West Avenue, 87930, Kansas, Concert
45 3rd Avenue, 14133, Ohio, Swimming
96 Sunset Avenue, 91939, Virginia, Food
55 Park Avenue, 65634, Ohio, Tennis
21 6th Avenue, 48819, California, Art Gallery
68 Ridge Avenue, 41943, New Hampshire, Cafes
79 10th Avenue, 20932, Connecticut, Park
61 5th Avenue, 62998, South Carolina, Zoos
20 10th Avenue, 85940, Minnesota, Pool
68 9th Avenue, 95777, Massachusetts, Feeding Animals
82 1st Avenue, 14290, Louisiana, Zoos
73 Redwood Avenue, 82842, Rhode Island, Shopping Mall
45 Jackson Avenue, 18643, Illinois, Holiday
95 3rd Avenue, 46035, Oklahoma, Haunted
8 10th Avenue, 31300, Arizona, Concert
53 6th Avenue, 38959, Illinois, Cafes
55 1st Avenue, 1277, Pennyslvania, Concert
72 Redwood Avenue, 47586, New Jersey, Park
75 Ridge Avenue, 59389, Wisconsin, Art Gallery
72 8th Avenue, 10772, Washingston, Skiing
49 6th Avenue, 49627, South Carolina, Zoos
8 North Avenue, 6087, Maine, Skiing
95 Park Avenue, 97020, New Hampshire, Pool
77 2nd Avenue, 76920, North Dakota, Haunted
9 Park Avenue, 66525, Ohio, Cafes
75 Lake Avenue, 26740, Washington D.C., Concert
31 4th Avenue, 72083, Nebraska, Food
8 Main Avenue, 72579, New Mexico, Holiday
1 Lake Avenue, 76307, Tennessee, Amusement Park
25 Oak Avenue, 94219, New York, Muesems
98 Elm Avenue, 34814, Maryland, Basketball
20 10th Avenue, 27590, Louisiana, Amusement Park
85 Sunset Avenue, 69815, Indiana, Concert
85 Sunset Avenue, 23089, Kentucky, Swimming
78 East Avenue, 29198, New York, Monuments
37 North Avenue, 69001, North Dakota, Volleyball
29 2nd Avenue, 61124, North Carolina, Muesems
28 West Avenue, 33795, New York, Holiday
40 Park Avenue, 73155, Oklahoma, Food
33 5th Avenue, 81327, New Mexico, Amusement Park
8 10th Avenue, 72192, Florida, Boxing
87 8th Avenue, 34392, New York, Basketball
6 1st Avenue, 48335, North Carolina, Apple Picking
50 Evergreen Avenue, 16348, Iowa, Fishing
31 2nd Avenue, 16775, Delaware, Shopping Mall
64 East Avenue, 94907, Texas, Monuments
27 6th Avenue, 51580, South Carolina, Feeding Animals
22 Ridge Avenue, 62218, Connecticut, Boxing
11 5th Avenue, 44, Kansas, Basketball
21 East Avenue, 95155, Hawaii, Basketball
88 5th Avenue, 3359, Kansas, Concert
62 Jackson Avenue, 44573, Ohio, Basketball
72 Meadow Avenue, 39480, Ohio, Pool
95 West Avenue, 235, New Mexico, Food
88 10th Avenue, 62870, Connecticut, Romantic
38 6th Avenue, 77425, Wyoming, Amusement Park
3 East Avenue, 73940, Tennessee, Hiking
24 5th Avenue, 31443, Nebraska, Cafes
5 Birch Avenue, 54245, Pennyslvania, Concert
30 Hillside Avenue, 12826, Ohio, Park
62 Evergreen Avenue, 62300, Montana, Fishing
30 West Avenue, 28732, Iowa, Boxing
89 Park Avenue, 25286, Indiana, Bowling
36 Oak Avenue, 57452, Iowa, Monuments
30 Main Avenue, 8325, Massachusetts, Boxing
73 Meadow Avenue, 18598, Minnesota, Beach
13 Sunset Avenue, 9368, Tennessee, Park
80 4th Avenue, 30043, North Dakota, Fishing
34 Elm Avenue, 90704, Pennyslvania, Muesems
67 Elm Avenue, 53142, Pennyslvania, Muesems
59 Meadow Avenue, 98506, Washingston, Haunted
26 Sunset Avenue, 80256, Virginia, Hiking
36 Meadow Avenue, 6014, Mississippi, Carnivals
26 Main Avenue, 24309, Utah, Zoos
85 Willow Avenue, 82682, Nebraska, Volleyball
31 5th Avenue, 93928, Louisiana, Piers
1 4th Avenue, 63700, Alaska, Carnivals
58 2nd Avenue, 3330, Illinois, Fishing
81 Main Avenue, 72669, New York, Tennis
100 Park Avenue, 39630, Hawaii, Zoos
21 3rd Avenue, 20708, California, Volleyball
2 7th Avenue, 56776, Minnesota, Swimming
66 West Avenue, 38725, Ohio, Monuments
75 5th Avenue, 95245, Washingston, Concert
39 Main Avenue, 58140, Virginia, Hiking
59 9th Avenue, 12117, Tennessee, Bowling
74 10th Avenue, 39821, Nebraska, Basketball
85 Elm Avenue, 26307, Georgia, Muesems
51 Jackson Avenue, 92016, Indiana, Food
13 Lake Avenue, 87139, Colorado, Carnivals
66 North Avenue, 28331, Tennessee, Fishing
82 5th Avenue, 21571, Washington D.C., Monuments
66 2nd Avenue, 13800, Idaho, Food
82 Meadow Avenue, 27729, Washingston, Fishing
26 Hillside Avenue, 44804, Arizona, Romantic
54 East Avenue, 72183, Nebraska, Amusement Park
98 2nd Avenue, 54809, Utah, Amusement Park
92 7th Avenue, 79394, North Dakota, Monuments
38 Evergreen Avenue, 86505, Nebraska, Hiking
24 Sunset Avenue, 75445, Illinois, Park
19 Lake Avenue, 85878, Indiana, Monuments
85 6th Avenue, 29312, New Mexico, Boxing
68 Maple Avenue, 32120, South Dakota, Basketball
60 Park Avenue, 74280, Tennessee, Volleyball
19 8th Avenue, 21788, Hawaii, Cafes
17 Apache Avenue, 47938, Vermont, Bowling
4 Lake Avenue, 46385, Kentucky, Skiing
81 5th Avenue, 80872, Pennyslvania, Amusement Park
65 Ridge Avenue, 86315, Virginia, Basketball
24 Maple Avenue, 26751, Florida, Pool
25 East Avenue, 95140, Georgia, Food
47 Evergreen Avenue, 22422, Nevada, Concert
7 East Avenue, 90987, Alaska, Ponds
19 Elm Avenue, 18925, Arizona, Piers
30 5th Avenue, 14573, Connecticut, Fishing
36 East Avenue, 37909, Colorado, Art Gallery
48 Hillside Avenue, 50351, New Jersey, Concert
62 Sunset Avenue, 69655, Massachusetts, Art Gallery
50 Hillside Avenue, 52891, Virginia, Cafes
44 7th Avenue, 62739, Colorado, Apple Picking
64 4th Avenue, 33574, Texas, Fishing
23 Oak Avenue, 66251, Massachusetts, Monuments
78 Evergreen Avenue, 98067, Minnesota, Boxing
47 Sunset Avenue, 14924, Wyoming, Romantic
61 West Avenue, 19159, Nebraska, Piers
49 Birch Avenue, 43788, Kansas, Skiing
61 Evergreen Avenue, 10310, Hawaii, Art Gallery
26 8th Avenue, 41092, Missouri, Ponds
3 Main Avenue, 67476, Pennyslvania, Carnivals
25 5th Avenue, 95015, Kansas, Volleyball
16 Evergreen Avenue, 97225, Washington D.C., Basketball
7 Main Avenue, 62935, Washington D.C., Art Gallery
36 Lake Avenue, 70567, Maryland, Swimming
49 3rd Avenue, 47865, Virginia, Concert
93 North Avenue, 30103, Minnesota, Concert
47 Lake Avenue, 68580, South Dakota, Romantic
85 Maple Avenue, 71709, South Dakota, Boxing
62 South Avenue, 90341, Connecticut, Amusement Park
39 8th Avenue, 15306, Montana, Cafes
36 Birch Avenue, 19277, Georgia, Beach
91 5th Avenue, 28380, Tennessee, Apple Picking
47 8th Avenue, 5357, Pennyslvania, Pool
93 Hillside Avenue, 53899, Washington D.C., Muesems
95 Lake Avenue, 95577, Delaware, Art Gallery
6 3rd Avenue, 49202, Texas, Basketball
87 Pine Avenue, 25962, Texas, Hiking
96 Birch Avenue, 50826, Minnesota, Holiday
89 North Avenue, 56815, Idaho, Apple Picking
34 Sunset Avenue, 73878, Arkansas, Hiking
69 Hillside Avenue, 73775, Texas, Art Gallery
2 South Avenue, 6827, Connecticut, Piers
99 10th Avenue, 93345, Pennyslvania, Muesems
96 Oak Avenue, 14480, Hawaii, Monuments
53 Main Avenue, 12935, Nebraska, Skiing
10 Meadow Avenue, 24578, New York, Basketball
33 Meadow Avenue, 12090, South Dakota, Piers
17 Redwood Avenue, 56219, South Carolina, Feeding Animals
73 5th Avenue, 17102, Texas, Skiing
59 Meadow Avenue, 67751, Arkansas, Skiing
68 Hillside Avenue, 15640, Washington D.C., Apple Picking
85 2nd Avenue, 79467, Georgia, Tennis
14 9th Avenue, 75237, Indiana, Carnivals
20 Oak Avenue, 45382, Oklahoma, Basketball
58 Willow Avenue, 73401, Indiana, Basketball
100 3rd Avenue, 73983, Delaware, Food
27 Sunset Avenue, 38391, Washington D.C., Basketball
42 Redwood Avenue, 37408, Delaware, Volleyball
27 West Avenue, 93947, Kansas, Swimming
83 3rd Avenue, 3783, Utah, Shopping Mall
87 2nd Avenue, 53603, Illinois, Swimming
84 Main Avenue, 32593, Connecticut, Art Gallery
31 Willow Avenue, 23084, South Carolina, Holiday
91 Jackson Avenue, 52102, Indiana, Zoos
34 Evergreen Avenue, 59257, California, Feeding Animals
68 Sunset Avenue, 23282, Hawaii, Zoos
48 Willow Avenue, 26433, Montana, Amusement Park
67 South Avenue, 55106, New Mexico, Amusement Park
45 North Avenue, 82736, Ohio, Basketball
11 Main Avenue, 26344, Oregon, Bowling
59 West Avenue, 15959, Minnesota, Basketball
90 South Avenue, 58229, Colorado, Piers
82 Pine Avenue, 46773, Iowa, Shopping Mall
25 Willow Avenue, 9784, Kansas, Park
75 Apache Avenue, 44661, Delaware, Muesems
66 Jackson Avenue, 59433, Kentucky, Bowling
72 Pine Avenue, 48797, Tennessee, Muesems
67 Maple Avenue, 24737, Arizona, Bowling
84 Pine Avenue, 48917, Maine, Apple Picking
34 Maple Avenue, 9831, Maryland, Feeding Animals
51 4th Avenue, 27927, Colorado, Fishing
45 North Avenue, 25368, Indiana, Art Gallery
97 Sunset Avenue, 19681, Wyoming, Monuments
89 Maple Avenue, 66430, New Hampshire, Hiking
79 Hillside Avenue, 58767, Alaska, Volleyball
18 Lake Avenue, 29185, Indiana, Monuments
5 Park Avenue, 16882, Wisconsin, Hiking
49 East Avenue, 35017, Montana, Carnivals
52 4th Avenue, 99348, Kansas, Muesems
80 Pine Avenue, 3486, South Carolina, Basketball
45 7th Avenue, 93236, New York, Apple Picking
7 Main Avenue, 33224, Kentucky, Apple Picking
78 Redwood Avenue, 41266, Oregon, Shopping Mall
9 Main Avenue, 97093, Massachusetts, Hiking
50 Apache Avenue, 10739, Utah, Carnivals
92 Park Avenue, 90730, Virginia, Zoos
60 Hillside Avenue, 30462, Pennyslvania, Boxing
94 Evergreen Avenue, 16291, Arkansas, Cafes
83 Sunset Avenue, 38475, Pennyslvania, Ponds
32 Evergreen Avenue, 2406, South Carolina, Romantic
18 Redwood Avenue, 35352, Ohio, Holiday
54 9th Avenue, 4573, Louisiana, Apple Picking
44 6th Avenue, 32538, Minnesota, Swimming
13 Evergreen Avenue, 71928, Utah, Beach
60 Park Avenue, 73505, Nebraska, Fishing
77 Sunset Avenue, 7654, Alaska, Zoos
31 Willow Avenue, 77273, Delaware, Fishing
45 East Avenue, 81071, Alabama, Beach
90 Hillside Avenue, 61022, Maryland, Feeding Animals
94 1st Avenue, 35190, Georgia, Pool
48 2nd Avenue, 76175, Utah, Ponds
70 2nd Avenue, 1411, Wyoming, Hiking
62 Hillside Avenue, 16377, Massachusetts, Haunted
6 Meadow Avenue, 52571, Pennyslvania, Holiday
39 Redwood Avenue, 48345, Maryland, Pool
89 Main Avenue, 15411, Louisiana, Haunted
58 2nd Avenue, 6846, Alabama, Monuments
43 Sunset Avenue, 23459, Vermont, Monuments
92 4th Avenue, 33735, Idaho, Ponds
37 West Avenue, 28439, Vermont, Concert
68 East Avenue, 75899, Virginia, Skiing
75 Jackson Avenue, 87077, Delaware, Monuments
27 South Avenue, 59419, Massachusetts, Basketball
76 Oak Avenue, 17986, Rhode Island, Boxing
17 1st Avenue, 72867, Hawaii, Zoos
49 Redwood Avenue, 17551, Kentucky, Swimming
91 4th Avenue, 16333, Alaska, Boxing
96 4th Avenue, 2601, Indiana, Hiking
85 Birch Avenue, 26432, Vermont, Apple Picking
41 Redwood Avenue, 26609, Tennessee, Swimming
83 Oak Avenue, 75107, Florida, Boxing
79 1st Avenue, 86958, Vermont, Zoos
14 East Avenue, 77891, Rhode Island, Concert
29 Apache Avenue, 74271, Arkansas, Art Gallery
35 6th Avenue, 22097, Connecticut, Shopping Mall
10 Apache Avenue, 76732, Ohio, Concert
47 Hillside Avenue, 17889, New Hampshire, Apple Picking
24 West Avenue, 99155, Missouri, Tennis
85 Main Avenue, 65894, Connecticut, Carnivals
97 Park Avenue, 23477, Nevada, Feeding Animals
82 2nd Avenue, 84362, North Dakota, Apple Picking
54 Ridge Avenue, 4631, New Jersey, Art Gallery
50 Elm Avenue, 5118, Arkansas, Holiday
87 7th Avenue, 94932, Pennyslvania, Skiing
72 Park Avenue, 77042, Pennyslvania, Bowling
16 Sunset Avenue, 77109, West Virginia, Monuments
79 East Avenue, 60250, Pennyslvania, Shopping Mall
45 Sunset Avenue, 676, Colorado, Bowling
74 Evergreen Avenue, 19778, Vermont, Tennis
42 Jackson Avenue, 15421, Connecticut, Feeding Animals
17 4th Avenue, 15325, Washington D.C., Basketball
34 3rd Avenue, 54494, Michigan, Zoos
20 3rd Avenue, 13451, Vermont, Concert
76 Ridge Avenue, 65026, Arkansas, Boxing
82 Ridge Avenue, 66151, New Jersey, Cafes
96 Jackson Avenue, 72397, Wyoming, Monuments
6 Meadow Avenue, 18578, Delaware, Basketball
64 Elm Avenue, 72968, North Carolina, Pool
53 7th Avenue, 36299, Nevada, Piers
64 Birch Avenue, 89760, Kentucky, Basketball
20 Meadow Avenue, 61307, Washington D.C., Apple Picking
62 Pine Avenue, 24137, New York, Carnivals
3 3rd Avenue, 84186, Virginia, Boxing
97 2nd Avenue, 25428, Idaho, Piers
61 Sunset Avenue, 16084, Utah, Fishing
85 7th Avenue, 10236, South Dakota, Monuments
80 Lake Avenue, 51128, Louisiana, Amusement Park
99 Maple Avenue, 20114, Mississippi, Romantic
86 Jackson Avenue, 51658, North Dakota, Volleyball
98 Ridge Avenue, 77197, Missouri, Volleyball
37 Jackson Avenue, 1343, Vermont, Holiday
49 7th Avenue, 37864, Washingston, Ponds
1 Lake Avenue, 63238, Nebraska, Apple Picking
74 North Avenue, 39432, Oklahoma, Monuments
82 Ridge Avenue, 68735, Alabama, Ponds
98 Redwood Avenue, 62223, Tennessee, Ponds
42 Birch Avenue, 98601, Wyoming, Art Gallery
44 Hillside Avenue, 67832, Delaware, Pool
14 Ridge Avenue, 88059, Wisconsin, Tennis
86 South Avenue, 96639, Colorado, Cafes
45 4th Avenue, 35581, Utah, Zoos
81 8th Avenue, 87895, Washington D.C., Cafes
11 Maple Avenue, 39530, Idaho, Volleyball
45 Meadow Avenue, 19080, Alaska, Hiking
47 Maple Avenue, 47410, Maryland, Hiking
21 Redwood Avenue, 29279, Arkansas, Feeding Animals
36 Redwood Avenue, 62568, Arkansas, Piers
20 Pine Avenue, 73396, Oklahoma, Basketball
32 Sunset Avenue, 21200, South Carolina, Concert
79 South Avenue, 86096, Arkansas, Boxing
80 Park Avenue, 2737, Delaware, Ponds
58 Oak Avenue, 50263, Missouri, Holiday
6 South Avenue, 88857, Missouri, Swimming
42 Oak Avenue, 26202, Nevada, Skiing
22 9th Avenue, 92938, Washington D.C., Haunted
47 Hillside Avenue, 21618, Massachusetts, Ponds
14 Oak Avenue, 4182, Ohio, Shopping Mall
69 10th Avenue, 93086, California, Tennis
36 Redwood Avenue, 33335, Connecticut, Amusement Park
58 5th Avenue, 18252, Tennessee, Carnivals
24 8th Avenue, 57502, North Carolina, Basketball
8 Birch Avenue, 5462, Michigan, Park
89 Lake Avenue, 57290, Florida, Shopping Mall
74 Park Avenue, 72816, Rhode Island, Pool
90 Oak Avenue, 64265, Nebraska, Romantic
24 Hillside Avenue, 70832, Michigan, Ponds
91 9th Avenue, 24146, Alabama, Park
1 Maple Avenue, 90798, Washingston, Boxing
23 Elm Avenue, 58864, Missouri, Basketball
24 South Avenue, 7660, Florida, Park
60 Meadow Avenue, 12676, Georgia, Basketball
63 Apache Avenue, 20625, Maine, Pool
59 3rd Avenue, 62202, Massachusetts, Bowling
27 9th Avenue, 32376, Georgia, Feeding Animals
47 Birch Avenue, 34503, Illinois, Pool
29 7th Avenue, 44096, Mississippi, Carnivals
63 5th Avenue, 87913, Minnesota, Pool
26 Lake Avenue, 5521, Utah, Pool
61 Meadow Avenue, 30427, Arkansas, Romantic
62 East Avenue, 67648, Maine, Bowling
33 Elm Avenue, 15396, Vermont, Food
88 Pine Avenue, 10540, New York, Zoos
9 10th Avenue, 91958, West Virginia, Piers
88 Pine Avenue, 75670, Illinois, Basketball
8 Elm Avenue, 9810, Indiana, Monuments
51 9th Avenue, 99259, Utah, Beach
22 7th Avenue, 87515, Ohio, Monuments
17 Main Avenue, 35009, Ohio, Pool
50 Meadow Avenue, 61465, Pennyslvania, Pool
75 3rd Avenue, 699, Missouri, Art Gallery
28 Ridge Avenue, 32621, New Hampshire, Basketball
35 Redwood Avenue, 31064, Connecticut, Carnivals
47 4th Avenue, 81084, Maryland, Apple Picking
44 South Avenue, 53074, Missouri, Food
10 9th Avenue, 87498, Nevada, Cafes
17 6th Avenue, 61224, Indiana, Hiking
41 North Avenue, 4363, Michigan, Volleyball
62 7th Avenue, 62025, Washingston, Hiking
75 Ridge Avenue, 59922, Minnesota, Muesems
85 Meadow Avenue, 44463, Missouri, Hiking
50 Pine Avenue, 90513, Connecticut, Muesems
92 Sunset Avenue, 49928, Pennyslvania, Holiday
62 Lake Avenue, 99631, New Hampshire, Concert
97 West Avenue, 53386, Nevada, Hiking
74 East Avenue, 67130, Connecticut, Beach
33 Pine Avenue, 65995, Rhode Island, Haunted
81 4th Avenue, 32130, Texas, Amusement Park
6 10th Avenue, 96078, Wyoming, Swimming
5 1st Avenue, 28570, New Mexico, Zoos
53 Redwood Avenue, 87034, Idaho, Skiing
6 Maple Avenue, 76498, Oklahoma, Holiday
45 South Avenue, 40866, Missouri, Shopping Mall
74 Elm Avenue, 38532, California, Piers
5 10th Avenue, 4374, North Carolina, Feeding Animals
33 9th Avenue, 81073, New Hampshire, Basketball
44 Oak Avenue, 91365, Massachusetts, Art Gallery
36 North Avenue, 50931, Kentucky, Bowling
43 West Avenue, 35463, Washingston, Amusement Park
54 Apache Avenue, 35261, Washingston, Shopping Mall
45 Apache Avenue, 40824, Mississippi, Boxing
71 West Avenue, 27361, Illinois, Muesems
17 Birch Avenue, 16425, Florida, Boxing
84 Apache Avenue, 51111, Louisiana, Pool
3 1st Avenue, 61192, Connecticut, Boxing
58 Pine Avenue, 22126, Indiana, Beach
25 Hillside Avenue, 22304, New Mexico, Fishing
46 Sunset Avenue, 66207, Montana, Food
100 Elm Avenue, 1512, Hawaii, Apple Picking
1 1st Avenue, 42831, Florida, Monuments
96 Park Avenue, 53535, Maine, Basketball
63 8th Avenue, 19628, Montana, Shopping Mall
61 Hillside Avenue, 2785, Kansas, Carnivals
17 9th Avenue, 20810, Virginia, Fishing
89 1st Avenue, 43361, Wyoming, Boxing
11 Evergreen Avenue, 72869, South Carolina, Piers
73 Birch Avenue, 66291, Texas, Art Gallery
84 Ridge Avenue, 52207, Colorado, Muesems
86 4th Avenue, 41126, West Virginia, Cafes
91 Ridge Avenue, 37845, Oregon, Art Gallery
48 Jackson Avenue, 74720, West Virginia, Ponds
71 Maple Avenue, 55591, New Mexico, Haunted
4 East Avenue, 2575, Colorado, Beach
58 Apache Avenue, 34346, Ohio, Piers
88 3rd Avenue, 57714, New Hampshire, Food
24 Birch Avenue, 66225, Missouri, Apple Picking
55 1st Avenue, 89021, Utah, Muesems
31 Maple Avenue, 68126, Pennyslvania, Holiday
93 Evergreen Avenue, 51389, Illinois, Basketball
18 Birch Avenue, 95666, Maine, Concert
41 West Avenue, 10324, Oregon, Skiing
66 10th Avenue, 7680, South Carolina, Romantic
34 Birch Avenue, 74107, Illinois, Skiing
11 Main Avenue, 37161, Arizona, Volleyball
39 Elm Avenue, 31720, South Dakota, Monuments
62 East Avenue, 80941, Utah, Ponds
36 Park Avenue, 43053, Connecticut, Hiking
39 Birch Avenue, 65967, Georgia, Pool
58 Maple Avenue, 71025, Texas, Art Gallery
64 Evergreen Avenue, 89511, Nebraska, Monuments
61 Park Avenue, 12335, New Hampshire, Muesems
24 Oak Avenue, 75564, Washington D.C., Carnivals
50 Elm Avenue, 63423, Pennyslvania, Holiday
9 Sunset Avenue, 67576, West Virginia, Cafes
28 Willow Avenue, 43632, Arizona, Feeding Animals
59 Park Avenue, 75867, Minnesota, Basketball
70 West Avenue, 40118, Maine, Shopping Mall
26 6th Avenue, 77390, New Jersey, Piers
18 East Avenue, 80803, Arizona, Basketball
47 Park Avenue, 99985, Colorado, Piers
23 Main Avenue, 12654, Alabama, Food
69 Evergreen Avenue, 31095, Maryland, Art Gallery
95 Birch Avenue, 14577, New Mexico, Food
72 6th Avenue, 77725, Connecticut, Muesems
52 West Avenue, 31716, Iowa, Swimming
73 7th Avenue, 15849, Nebraska, Cafes
97 5th Avenue, 58356, North Dakota, Apple Picking
16 Ridge Avenue, 70804, Maryland, Monuments
63 South Avenue, 33342, Montana, Piers
92 Redwood Avenue, 13126, Tennessee, Park
32 West Avenue, 63015, Ohio, Fishing
39 Meadow Avenue, 11708, Kentucky, Shopping Mall
37 4th Avenue, 17373, Colorado, Piers
87 North Avenue, 49083, Oklahoma, Skiing
69 Park Avenue, 23758, Wyoming, Muesems
32 Willow Avenue, 92655, Pennyslvania, Carnivals
33 Elm Avenue, 13755, Maryland, Fishing
19 3rd Avenue, 93533, Tennessee, Fishing
17 Hillside Avenue, 36993, South Carolina, Piers
35 Meadow Avenue, 14382, Indiana, Cafes
43 8th Avenue, 98929, Arkansas, Fishing
60 3rd Avenue, 99193, Vermont, Haunted
24 East Avenue, 13415, Kentucky, Basketball
50 Willow Avenue, 97396, Mississippi, Concert
98 Oak Avenue, 87072, New York, Bowling
100 4th Avenue, 10205, Michigan, Skiing
66 9th Avenue, 13326, Virginia, Beach
13 4th Avenue, 37897, North Dakota, Haunted
78 8th Avenue, 5250, Colorado, Holiday
95 Apache Avenue, 42332, Pennyslvania, Haunted
63 Hillside Avenue, 13210, South Carolina, Romantic
57 North Avenue, 72869, Massachusetts, Boxing
66 5th Avenue, 84904, Arizona, Piers
52 3rd Avenue, 41217, Maine, Cafes
43 Pine Avenue, 6003, Louisiana, Park
33 2nd Avenue, 51570, Wisconsin, Feeding Animals
60 1st Avenue, 80764, North Dakota, Volleyball
17 6th Avenue, 33667, Ohio, Apple Picking
22 Willow Avenue, 42978, West Virginia, Park
39 Redwood Avenue, 4955, Michigan, Art Gallery
31 Ridge Avenue, 27585, Michigan, Feeding Animals
94 Sunset Avenue, 99020, Oregon, Art Gallery
52 Sunset Avenue, 56134, Ohio, Feeding Animals
99 Redwood Avenue, 97442, Montana, Zoos
24 Lake Avenue, 45570, Wyoming, Haunted
52 Jackson Avenue, 57169, Missouri, Basketball
1 Birch Avenue, 91337, Illinois, Haunted
21 1st Avenue, 47687, Montana, Holiday
78 Redwood Avenue, 54675, Louisiana, Carnivals
27 7th Avenue, 2035, Kentucky, Art Gallery
55 9th Avenue, 82312, Rhode Island, Fishing
13 Elm Avenue, 10813, Louisiana, Ponds
75 Hillside Avenue, 5342, Utah, Piers
17 Ridge Avenue, 41467, Minnesota, Cafes
43 Park Avenue, 75093, Washingston, Apple Picking
65 West Avenue, 98343, Florida, Boxing
95 Apache Avenue, 21054, Arizona, Basketball
77 Evergreen Avenue, 53648, Nevada, Bowling
77 Park Avenue, 67296, Texas, Bowling
60 6th Avenue, 65924, Nebraska, Cafes
38 Park Avenue, 96816, Oklahoma, Basketball
34 South Avenue, 25097, New Jersey, Carnivals
8 10th Avenue, 4097, Maryland, Romantic
73 East Avenue, 88843, Kansas, Shopping Mall
38 Birch Avenue, 23869, New Jersey, Holiday
34 Maple Avenue, 37812, South Dakota, Carnivals
77 Meadow Avenue, 72273, Tennessee, Carnivals
58 Meadow Avenue, 44433, Virginia, Swimming
28 Oak Avenue, 67997, Connecticut, Beach
30 8th Avenue, 23371, Michigan, Pool
11 5th Avenue, 87548, New Hampshire, Romantic
39 8th Avenue, 64494, Georgia, Volleyball
66 7th Avenue, 50729, New Jersey, Boxing
60 Park Avenue, 2408, Nebraska, Bowling
88 Evergreen Avenue, 79573, Montana, Boxing
39 2nd Avenue, 67481, South Carolina, Volleyball
34 Pine Avenue, 71241, Rhode Island, Fishing
48 Birch Avenue, 1970, Alaska, Shopping Mall
26 Hillside Avenue, 48876, Ohio, Feeding Animals
67 Lake Avenue, 30600, Tennessee, Pool
40 South Avenue, 21797, South Carolina, Amusement Park
23 North Avenue, 66034, Maryland, Volleyball
96 Lake Avenue, 99583, Washington D.C., Volleyball
42 Oak Avenue, 59521, Pennyslvania, Ponds
77 Sunset Avenue, 30655, Idaho, Piers
86 7th Avenue, 71247, New York, Tennis
55 10th Avenue, 33378, Kentucky, Art Gallery
13 Main Avenue, 69525, South Dakota, Basketball
64 8th Avenue, 86518, Kansas, Carnivals
6 6th Avenue, 79135, Nevada, Apple Picking
62 East Avenue, 2952, Georgia, Concert
8 North Avenue, 33455, Wisconsin, Carnivals
36 Pine Avenue, 31365, New Hampshire, Basketball
10 Hillside Avenue, 22094, Texas, Art Gallery
36 5th Avenue, 49883, Utah, Zoos
68 4th Avenue, 81277, Hawaii, Shopping Mall
62 Birch Avenue, 72069, Kansas, Art Gallery
29 Park Avenue, 67735, Illinois, Zoos
61 Main Avenue, 90998, Kansas, Food
59 East Avenue, 59295, Arizona, Fishing
83 Elm Avenue, 58288, Idaho, Volleyball
63 Willow Avenue, 22445, Florida, Piers
68 3rd Avenue, 43525, Tennessee, Tennis
4 3rd Avenue, 14238, South Carolina, Amusement Park
36 Lake Avenue, 36160, Rhode Island, Hiking
54 6th Avenue, 93161, Iowa, Food
49 Park Avenue, 54827, North Carolina, Volleyball
31 8th Avenue, 42208, Delaware, Cafes
47 Ridge Avenue, 33278, Ohio, Food
60 7th Avenue, 7811, Minnesota, Zoos
63 Apache Avenue, 20028, Nevada, Fishing
81 Jackson Avenue, 51655, Vermont, Boxing
77 Maple Avenue, 82278, Wyoming, Swimming
95 Elm Avenue, 16849, Georgia, Skiing
37 Lake Avenue, 93968, Nebraska, Skiing
95 5th Avenue, 68478, New Hampshire, Art Gallery
28 9th Avenue, 71841, New Jersey, Beach
30 East Avenue, 30123, Maryland, Tennis
54 Sunset Avenue, 24434, Rhode Island, Pool
37 Redwood Avenue, 85356, South Carolina, Piers
28 Hillside Avenue, 76539, California, Fishing
100 Main Avenue, 68039, Wyoming, Basketball
70 8th Avenue, 71996, Maryland, Haunted
93 5th Avenue, 13812, Alabama, Boxing
96 Oak Avenue, 76936, Texas, Zoos
50 Birch Avenue, 22929, Iowa, Ponds
88 Meadow Avenue, 31245, New Hampshire, Amusement Park
38 7th Avenue, 59367, Hawaii, Boxing
37 Oak Avenue, 11323, Michigan, Boxing
27 3rd Avenue, 41960, Indiana, Bowling
86 Sunset Avenue, 26757, South Dakota, Basketball
22 1st Avenue, 67083, Alabama, Pool
100 Oak Avenue, 83558, South Dakota, Ponds
41 Meadow Avenue, 63938, Idaho, Amusement Park
91 Birch Avenue, 48533, Wyoming, Basketball
81 4th Avenue, 90602, Idaho, Boxing
85 9th Avenue, 73433, North Carolina, Carnivals
7 South Avenue, 26371, Michigan, Cafes
61 North Avenue, 4731, Iowa, Bowling
51 Main Avenue, 4053, Illinois, Beach
7 Park Avenue, 20673, Vermont, Feeding Animals
3 7th Avenue, 23867, Maryland, Concert
68 Pine Avenue, 31798, Washington D.C., Zoos
70 4th Avenue, 86419, Georgia, Amusement Park
69 2nd Avenue, 92462, Massachusetts, Fishing
6 Elm Avenue, 26637, Vermont, Zoos
86 Main Avenue, 5066, Maine, Volleyball
31 Evergreen Avenue, 63820, Connecticut, Holiday
51 East Avenue, 32901, Michigan, Fishing
17 Apache Avenue, 60145, North Dakota, Pool
19 South Avenue, 82664, California, Hiking
35 2nd Avenue, 45272, Arkansas, Holiday
41 Willow Avenue, 80522, Maryland, Holiday
86 Pine Avenue, 62873, New Mexico, Monuments
31 Maple Avenue, 74003, Missouri, Volleyball
12 East Avenue, 83031, Washingston, Fishing
6 Hillside Avenue, 14552, Mississippi, Food
68 Ridge Avenue, 18496, New York, Art Gallery
91 Redwood Avenue, 56238, Pennyslvania, Swimming
17 Sunset Avenue, 94428, New Mexico, Park
90 4th Avenue, 52424, Massachusetts, Pool
94 Pine Avenue, 12193, Missouri, Holiday
55 Apache Avenue, 33419, Connecticut, Romantic
42 3rd Avenue, 93458, Montana, Feeding Animals
58 Evergreen Avenue, 23855, New York, Apple Picking
18 Lake Avenue, 39389, Arizona, Apple Picking
36 Apache Avenue, 48572, New Hampshire, Romantic
65 Main Avenue, 83427, Arkansas, Basketball
81 Oak Avenue, 78115, Missouri, Park
70 Maple Avenue, 60881, Maryland, Hiking
46 6th Avenue, 29256, Alaska, Amusement Park
13 Main Avenue, 47777, West Virginia, Pool
31 4th Avenue, 34345, Illinois, Amusement Park
30 Ridge Avenue, 26269, South Carolina, Apple Picking
5 10th Avenue, 42235, New Jersey, Pool
48 5th Avenue, 46834, Vermont, Park
69 2nd Avenue, 96020, New Jersey, Monuments
77 1st Avenue, 31539, Oklahoma, Art Gallery
77 Main Avenue, 21858, Kentucky, Food
51 9th Avenue, 73827, Idaho, Ponds
45 Apache Avenue, 56521, Vermont, Piers
3 South Avenue, 61677, Iowa, Holiday
75 Pine Avenue, 37379, New Hampshire, Basketball
16 Redwood Avenue, 41164, Nebraska, Carnivals
15 6th Avenue, 39957, Washingston, Amusement Park
85 Sunset Avenue, 94147, Vermont, Bowling
25 Meadow Avenue, 12461, Wyoming, Zoos
97 Redwood Avenue, 40518, Wyoming, Romantic
11 North Avenue, 40974, Idaho, Boxing
99 7th Avenue, 17957, Colorado, Romantic
84 East Avenue, 58536, New Mexico, Pool
71 Main Avenue, 81248, Maine, Basketball
88 Sunset Avenue, 35919, Kentucky, Volleyball
53 Ridge Avenue, 50565, Montana, Beach
76 Apache Avenue, 40664, New Hampshire, Monuments
67 Maple Avenue, 20025, Indiana, Shopping Mall
92 8th Avenue, 5208, Montana, Holiday
96 Main Avenue, 846, Connecticut, Bowling
67 Pine Avenue, 71033, Nebraska, Romantic
22 East Avenue, 88544, New Hampshire, Boxing
40 Meadow Avenue, 9954, Vermont, Fishing
32 8th Avenue, 53858, Texas, Feeding Animals
90 Sunset Avenue, 90846, Tennessee, Apple Picking
48 South Avenue, 50646, Michigan, Carnivals
36 6th Avenue, 40481, Illinois, Cafes
69 South Avenue, 76297, Ohio, Bowling
38 1st Avenue, 6833, Missouri, Concert
99 East Avenue, 85228, Alaska, Cafes
34 6th Avenue, 56981, New York, Shopping Mall
67 Sunset Avenue, 401, New York, Concert
6 Redwood Avenue, 75526, Arkansas, Romantic
49 8th Avenue, 73647, Arizona, Romantic
91 Redwood Avenue, 84779, Alabama, Beach
33 Pine Avenue, 1286, Missouri, Fishing
38 Willow Avenue, 14745, Nebraska, Park
18 Meadow Avenue, 5867, Minnesota, Cafes
4 1st Avenue, 11879, Texas, Feeding Animals
49 Apache Avenue, 34857, Wisconsin, Concert
35 Meadow Avenue, 89003, Montana, Swimming
81 4th Avenue, 22321, Texas, Basketball
61 Park Avenue, 75444, Wisconsin, Feeding Animals
47 North Avenue, 69167, Nebraska, Volleyball
2 4th Avenue, 39495, Maine, Amusement Park
17 9th Avenue, 160, Iowa, Romantic
80 Apache Avenue, 83062, North Carolina, Piers
51 Oak Avenue, 97240, Nevada, Haunted
39 Main Avenue, 51269, Nebraska, Beach
38 Main Avenue, 58830, New York, Holiday
46 South Avenue, 27357, Connecticut, Beach
95 Sunset Avenue, 33547, Arkansas, Carnivals
57 Maple Avenue, 34111, Rhode Island, Boxing
29 Elm Avenue, 47317, Massachusetts, Beach
41 Redwood Avenue, 15895, New York, Pool
86 5th Avenue, 29942, Virginia, Fishing
26 5th Avenue, 28524, Vermont, Haunted
6 Apache Avenue, 68710, New Jersey, Pool
67 North Avenue, 52450, Maryland, Romantic
95 Evergreen Avenue, 30539, Oregon, Holiday
51 Sunset Avenue, 37994, Utah, Holiday
62 North Avenue, 97988, Alaska, Pool
42 Jackson Avenue, 75358, Mississippi, Basketball
39 8th Avenue, 85216, Iowa, Zoos
2 5th Avenue, 9524, Iowa, Concert
25 Pine Avenue, 53038, New Hampshire, Shopping Mall
5 Redwood Avenue, 79599, New Jersey, Romantic
9 Evergreen Avenue, 38321, Nebraska, Carnivals
35 7th Avenue, 88243, Minnesota, Haunted
89 Willow Avenue, 59682, Wisconsin, Park
58 6th Avenue, 92215, Vermont, Tennis
47 9th Avenue, 89931, Nevada, Basketball
59 9th Avenue, 83471, Arkansas, Monuments
39 3rd Avenue, 24020, Michigan, Piers
12 Evergreen Avenue, 43689, New York, Tennis
94 Redwood Avenue, 7788, Florida, Romantic
4 Apache Avenue, 66724, Oklahoma, Holiday
9 Hillside Avenue, 22274, Arkansas, Volleyball
21 2nd Avenue, 98996, Wyoming, Carnivals
7 10th Avenue, 11001, Texas, Monuments
92 9th Avenue, 27675, Montana, Zoos
92 Apache Avenue, 92898, Tennessee, Muesems
35 Park Avenue, 91975, Louisiana, Romantic
31 North Avenue, 50608, Wyoming, Skiing
20 South Avenue, 91825, Oklahoma, Basketball
37 West Avenue, 94394, Virginia, Concert
17 Hillside Avenue, 31341, Montana, Food
20 Willow Avenue, 4782, Oklahoma, Holiday
42 Main Avenue, 87760, Montana, Food
55 Ridge Avenue, 10845, Missouri, Pool
76 5th Avenue, 71968, Massachusetts, Art Gallery
64 7th Avenue, 48691, Montana, Cafes
9 2nd Avenue, 33655, Massachusetts, Romantic
88 1st Avenue, 91435, Louisiana, Shopping Mall
90 Pine Avenue, 26200, Idaho, Pool
80 5th Avenue, 95883, Montana, Tennis
65 1st Avenue, 87475, New Jersey, Piers
30 Main Avenue, 19176, Oklahoma, Holiday
32 1st Avenue, 6981, Indiana, Bowling
3 Ridge Avenue, 99692, Maine, Pool
33 Pine Avenue, 48737, Connecticut, Shopping Mall
21 Hillside Avenue, 82008, New York, Skiing
51 Birch Avenue, 6198, Ohio, Basketball
93 Pine Avenue, 75093, Washington D.C., Volleyball
37 Elm Avenue, 90904, Ohio, Boxing
61 6th Avenue, 80094, North Dakota, Cafes
4 Park Avenue, 1990, North Dakota, Haunted
21 8th Avenue, 43884, North Dakota, Bowling
9 2nd Avenue, 17655, Indiana, Hiking
21 North Avenue, 54908, Alaska, Holiday
6 Willow Avenue, 18398, Oregon, Skiing
35 Oak Avenue, 55304, New Jersey, Fishing
98 West Avenue, 11792, Washington D.C., Basketball
90 10th Avenue, 27993, Massachusetts, Ponds
36 Maple Avenue, 28644, Arkansas, Haunted
24 Pine Avenue, 7299, Louisiana, Feeding Animals
36 4th Avenue, 74169, Arkansas, Fishing
85 Oak Avenue, 90574, Oregon, Basketball
65 Maple Avenue, 35951, Illinois, Art Gallery
22 Oak Avenue, 88122, Missouri, Monuments
60 7th Avenue, 18676, New Jersey, Basketball
98 Jackson Avenue, 1447, South Dakota, Food
69 Sunset Avenue, 96543, Arizona, Piers
27 1st Avenue, 52617, Arkansas, Basketball
83 4th Avenue, 29862, California, Volleyball
92 Jackson Avenue, 71639, Rhode Island, Basketball
40 Apache Avenue, 64168, Wyoming, Tennis
12 Sunset Avenue, 78618, Missouri, Muesems
6 Apache Avenue, 88625, Oklahoma, Carnivals
37 Birch Avenue, 96165, Arizona, Holiday
10 Redwood Avenue, 7560, Hawaii, Carnivals
73 8th Avenue, 69847, Louisiana, Haunted
22 Ridge Avenue, 97856, Connecticut, Holiday
62 6th Avenue, 8885, Wisconsin, Holiday
95 Jackson Avenue, 47766, Texas, Hiking
96 Birch Avenue, 57102, Idaho, Cafes
100 6th Avenue, 57749, Iowa, Boxing
23 Park Avenue, 80533, Ohio, Muesems
3 Apache Avenue, 35970, Virginia, Basketball
83 8th Avenue, 46454, Minnesota, Cafes
80 Redwood Avenue, 82245, Massachusetts, Amusement Park
46 Maple Avenue, 46393, Texas, Beach
22 7th Avenue, 82328, Arkansas, Zoos
72 Maple Avenue, 15852, Wisconsin, Carnivals
22 3rd Avenue, 36440, North Carolina, Tennis
2 North Avenue, 2266, Massachusetts, Beach
40 9th Avenue, 3098, Rhode Island, Beach
12 9th Avenue, 97767, Florida, Muesems
18 5th Avenue, 12551, Kentucky, Carnivals
10 East Avenue, 53808, Rhode Island, Romantic
74 Birch Avenue, 28607, Alaska, Basketball
74 Main Avenue, 64715, Vermont, Piers
79 Park Avenue, 31737, Connecticut, Park
4 9th Avenue, 16245, Michigan, Apple Picking
50 Elm Avenue, 72315, Washingston, Apple Picking
54 North Avenue, 7818, North Dakota, Piers
99 South Avenue, 84523, Pennyslvania, Swimming
61 Willow Avenue, 86832, New York, Pool
33 Redwood Avenue, 55594, Idaho, Carnivals
23 Redwood Avenue, 67346, Alabama, Holiday
92 8th Avenue, 60527, South Dakota, Tennis
59 Meadow Avenue, 61268, Ohio, Haunted
69 Redwood Avenue, 66587, Mississippi, Apple Picking
69 2nd Avenue, 35015, California, Feeding Animals
58 Evergreen Avenue, 82438, Oklahoma, Park
55 Apache Avenue, 77450, Nebraska, Swimming
99 8th Avenue, 99160, Hawaii, Fishing
33 4th Avenue, 5733, Maryland, Hiking
6 Hillside Avenue, 36572, Wyoming, Fishing
95 East Avenue, 66307, Georgia, Basketball
9 South Avenue, 50630, South Dakota, Boxing
63 6th Avenue, 74128, Texas, Feeding Animals
91 South Avenue, 28066, Georgia, Beach
24 West Avenue, 85308, Nevada, Bowling
38 3rd Avenue, 45249, West Virginia, Cafes
94 West Avenue, 76530, Connecticut, Pool
91 Sunset Avenue, 15649, Colorado, Skiing
52 8th Avenue, 80986, Washington D.C., Art Gallery
20 6th Avenue, 18349, Florida, Holiday
14 Main Avenue, 16940, Connecticut, Zoos
74 Evergreen Avenue, 2732, Mississippi, Zoos
77 Jackson Avenue, 57549, Nebraska, Amusement Park
48 Evergreen Avenue, 24268, Louisiana, Haunted
59 Apache Avenue, 77346, Ohio, Skiing
59 South Avenue, 79281, West Virginia, Swimming
100 Main Avenue, 93785, Illinois, Concert
6 5th Avenue, 66753, Iowa, Apple Picking
71 Birch Avenue, 77812, North Dakota, Park
52 Park Avenue, 95402, Washingston, Apple Picking
26 Meadow Avenue, 19801, Alabama, Cafes
51 Maple Avenue, 43665, Alabama, Art Gallery
27 Hillside Avenue, 47895, Florida, Ponds
78 3rd Avenue, 11463, Virginia, Feeding Animals
44 Maple Avenue, 16780, Missouri, Zoos
7 Main Avenue, 96886, Illinois, Zoos
63 Ridge Avenue, 42781, South Dakota, Volleyball
51 Redwood Avenue, 46164, Minnesota, Concert
36 5th Avenue, 21392, Missouri, Holiday
24 Hillside Avenue, 21951, Idaho, Piers
33 5th Avenue, 14153, Georgia, Basketball
76 Oak Avenue, 90735, Ohio, Beach
16 Hillside Avenue, 38518, Vermont, Apple Picking
30 Hillside Avenue, 90133, Georgia, Feeding Animals
30 Redwood Avenue, 16513, South Dakota, Shopping Mall
47 Hillside Avenue, 34368, Washington D.C., Volleyball
98 10th Avenue, 61046, Virginia, Ponds
5 Lake Avenue, 20699, Missouri, Amusement Park
62 Maple Avenue, 14117, West Virginia, Haunted
87 West Avenue, 15355, California, Basketball
7 5th Avenue, 290, Michigan, Basketball
7 East Avenue, 80631, Nevada, Concert
9 Meadow Avenue, 26076, Arizona, Tennis
53 Pine Avenue, 70322, Wisconsin, Basketball
36 7th Avenue, 1492, Arkansas, Piers
81 Jackson Avenue, 24390, Florida, Food
79 Sunset Avenue, 1317, Wisconsin, Pool
81 Sunset Avenue, 73260, Oklahoma, Ponds
60 Apache Avenue, 58976, Nevada, Muesems
24 Ridge Avenue, 49029, Arkansas, Amusement Park
57 10th Avenue, 52230, Hawaii, Bowling
85 7th Avenue, 5889, New York, Feeding Animals
18 Ridge Avenue, 18100, Montana, Fishing
79 Oak Avenue, 96147, Rhode Island, Amusement Park
55 South Avenue, 65803, Maine, Feeding Animals
13 Main Avenue, 44548, Maine, Hiking
8 Oak Avenue, 36780, Minnesota, Concert
53 Sunset Avenue, 68842, Louisiana, Skiing
81 7th Avenue, 9468, Oregon, Fishing
23 East Avenue, 56484, Oklahoma, Concert
79 Redwood Avenue, 72247, Washington D.C., Monuments
39 Sunset Avenue, 9647, Hawaii, Shopping Mall
57 Pine Avenue, 81194, Nevada, Fishing
71 6th Avenue, 69146, Maryland, Volleyball
43 Redwood Avenue, 44538, Nebraska, Carnivals
82 West Avenue, 5098, Nevada, Fishing
17 Pine Avenue, 74384, Mississippi, Carnivals
26 Sunset Avenue, 16763, Tennessee, Piers
39 3rd Avenue, 15208, Arizona, Carnivals
28 7th Avenue, 46919, Wyoming, Swimming
34 Sunset Avenue, 71052, Louisiana, Cafes
73 Redwood Avenue, 18887, Oregon, Pool
8 Pine Avenue, 82484, Massachusetts, Muesems
49 Lake Avenue, 75165, Arizona, Volleyball
63 Willow Avenue, 36012, Wisconsin, Basketball
47 Elm Avenue, 87601, Indiana, Swimming
52 9th Avenue, 82543, Pennyslvania, Shopping Mall
96 West Avenue, 88963, Oklahoma, Shopping Mall
94 8th Avenue, 41302, Michigan, Haunted
6 Jackson Avenue, 67952, Mississippi, Basketball
36 3rd Avenue, 57142, New Mexico, Monuments
80 8th Avenue, 10858, Arkansas, Pool
74 Willow Avenue, 3610, New York, Cafes
49 Apache Avenue, 9060, Kansas, Beach
16 Willow Avenue, 83499, North Dakota, Piers
80 9th Avenue, 39766, Kansas, Basketball
37 Ridge Avenue, 97889, Florida, Pool
100 Jackson Avenue, 20503, Iowa, Shopping Mall
55 Redwood Avenue, 17717, Oregon, Pool
38 Park Avenue, 48163, California, Amusement Park
29 4th Avenue, 28265, Vermont, Swimming
57 Lake Avenue, 31370, Kentucky, Fishing
14 Evergreen Avenue, 84657, Delaware, Boxing
71 Redwood Avenue, 43702, Missouri, Apple Picking
66 North Avenue, 3318, Oklahoma, Feeding Animals
21 Sunset Avenue, 54032, Illinois, Holiday
57 Maple Avenue, 9188, Missouri, Food
40 7th Avenue, 82505, North Dakota, Art Gallery
14 Jackson Avenue, 52659, Hawaii, Swimming
34 Sunset Avenue, 92498, Georgia, Piers
96 Oak Avenue, 70596, Maine, Muesems
67 4th Avenue, 46544, Pennyslvania, Romantic
42 Evergreen Avenue, 2167, Wisconsin, Romantic
98 10th Avenue, 31703, Rhode Island, Boxing
96 Sunset Avenue, 77697, Idaho, Skiing
36 Birch Avenue, 50247, Delaware, Volleyball
48 Elm Avenue, 71730, North Carolina, Holiday
13 Willow Avenue, 63888, California, Bowling
72 8th Avenue, 21873, Colorado, Fishing
38 2nd Avenue, 3622, Maryland, Beach
73 Birch Avenue, 19525, Missouri, Monuments
91 Lake Avenue, 4528, North Carolina, Basketball
27 5th Avenue, 12331, Missouri, Art Gallery
13 Evergreen Avenue, 19731, Rhode Island, Basketball
69 Pine Avenue, 21216, Oklahoma, Zoos
60 Willow Avenue, 73225, Massachusetts, Piers
37 Park Avenue, 92763, Pennyslvania, Apple Picking
96 Meadow Avenue, 62787, Alaska, Pool
32 Sunset Avenue, 85212, California, Beach
43 3rd Avenue, 26844, Wyoming, Food
88 Evergreen Avenue, 59096, New Hampshire, Volleyball
50 Meadow Avenue, 18138, Maryland, Monuments
74 Main Avenue, 53477, Mississippi, Fishing
7 Ridge Avenue, 28364, Washington D.C., Skiing
5 2nd Avenue, 82430, Rhode Island, Basketball
95 Redwood Avenue, 3636, Montana, Monuments
97 Birch Avenue, 19993, Wisconsin, Monuments
58 Sunset Avenue, 83882, Nevada, Bowling
79 10th Avenue, 48513, Oklahoma, Holiday
94 Maple Avenue, 71163, Florida, Amusement Park
98 West Avenue, 31373, New Hampshire, Hiking
47 Hillside Avenue, 17005, Texas, Basketball
24 Jackson Avenue, 17099, Georgia, Pool
7 Oak Avenue, 94391, Hawaii, Food
87 Willow Avenue, 61593, Louisiana, Muesems
67 Sunset Avenue, 48316, Virginia, Tennis
41 North Avenue, 90845, Rhode Island, Tennis
66 Willow Avenue, 49482, Washingston, Skiing
39 Evergreen Avenue, 82122, Hawaii, Feeding Animals
70 Jackson Avenue, 32450, Kentucky, Fishing
57 West Avenue, 15347, Wyoming, Shopping Mall
9 Pine Avenue, 22847, Mississippi, Haunted
3 9th Avenue, 93816, Michigan, Beach
60 3rd Avenue, 52920, Indiana, Ponds
83 2nd Avenue, 91157, Wyoming, Muesems
21 Sunset Avenue, 17567, Washingston, Zoos
26 Oak Avenue, 95664, Hawaii, Food
30 Willow Avenue, 19667, South Dakota, Fishing
92 Lake Avenue, 59027, New Jersey, Swimming
75 2nd Avenue, 77827, Michigan, Carnivals
98 East Avenue, 13384, Illinois, Romantic
7 2nd Avenue, 38554, Vermont, Pool
11 2nd Avenue, 53662, Alaska, Ponds
39 Main Avenue, 78236, New York, Tennis
66 Birch Avenue, 60786, Louisiana, Fishing
81 Birch Avenue, 34019, Pennyslvania, Romantic
49 Willow Avenue, 48290, Mississippi, Piers
99 South Avenue, 20983, Louisiana, Food
16 Sunset Avenue, 82393, Georgia, Pool
29 Redwood Avenue, 60170, Arkansas, Ponds
10 Main Avenue, 99694, New York, Pool
72 Evergreen Avenue, 28727, Wisconsin, Holiday
30 6th Avenue, 88618, Maryland, Carnivals
8 Main Avenue, 77019, Pennyslvania, Boxing
60 Main Avenue, 491, Colorado, Zoos
45 Maple Avenue, 2410, Connecticut, Monuments
16 7th Avenue, 66106, Utah, Park
53 Apache Avenue, 78810, Minnesota, Carnivals
50 9th Avenue, 74643, Minnesota, Apple Picking
87 Sunset Avenue, 81486, New Jersey, Ponds
37 5th Avenue, 27382, Oregon, Apple Picking
83 Birch Avenue, 80423, Wisconsin, Skiing
61 Meadow Avenue, 45567, Hawaii, Shopping Mall
60 Hillside Avenue, 95783, Arkansas, Cafes
48 10th Avenue, 34038, Hawaii, Cafes
15 Elm Avenue, 2145, Maine, Concert
8 Sunset Avenue, 59201, Montana, Bowling
49 Sunset Avenue, 95088, Georgia, Basketball
98 Main Avenue, 95743, North Carolina, Muesems
42 Sunset Avenue, 60428, Delaware, Beach
90 Ridge Avenue, 54676, Texas, Carnivals
93 Willow Avenue, 30611, Virginia, Zoos
27 9th Avenue, 86790, Arkansas, Beach
65 Apache Avenue, 34281, Connecticut, Holiday
29 Evergreen Avenue, 60166, West Virginia, Skiing
58 Maple Avenue, 95383, South Carolina, Tennis
54 8th Avenue, 38186, Wyoming, Apple Picking
16 Evergreen Avenue, 1199, Arkansas, Carnivals
12 1st Avenue, 93732, Ohio, Romantic
94 Park Avenue, 11619, Virginia, Feeding Animals
75 Main Avenue, 50680, Oregon, Food
16 Willow Avenue, 798, Mississippi, Swimming
18 West Avenue, 91195, Idaho, Ponds
12 Maple Avenue, 87240, Connecticut, Boxing
86 East Avenue, 3101, Louisiana, Feeding Animals
87 Jackson Avenue, 30695, Wyoming, Feeding Animals
93 1st Avenue, 60084, North Carolina, Monuments
73 Apache Avenue, 78022, Florida, Monuments
44 Pine Avenue, 55286, Missouri, Basketball
2 North Avenue, 94305, Kentucky, Piers
87 10th Avenue, 42069, Idaho, Volleyball
85 Jackson Avenue, 60745, Alaska, Skiing
44 North Avenue, 46641, Connecticut, Monuments
80 Apache Avenue, 81821, Minnesota, Muesems
6 Meadow Avenue, 96522, Montana, Apple Picking
20 Evergreen Avenue, 19799, New Mexico, Volleyball
49 Maple Avenue, 38368, New Mexico, Skiing
60 South Avenue, 38891, Nevada, Basketball
58 4th Avenue, 33608, Minnesota, Feeding Animals
62 Pine Avenue, 56826, Arizona, Romantic
