Jennifer7943, 65, male, 82 7th Avenue, 25901, New Mexico
Jason7926, 29, male, 90 Meadow Avenue, 17289, California
Jared9083, 63, male, 29 Apache Avenue, 86326, Oregon
Laura7255, 33, male, 9 North Avenue, 36372, Texas
Ronald9483, 53, male, 14 Apache Avenue, 96543, Rhode Island
Karen8100, 42, male, 54 Redwood Avenue, 46395, Tennessee
Nicole2812, 56, male, 4 Jackson Avenue, 24441, North Dakota
Jason6987, 46, male, 3 Ridge Avenue, 73513, Delaware
Donna8090, 65, male, 78 8th Avenue, 18269, Iowa
Lisa7677, 51, male, 60 10th Avenue, 55727, Vermont
Jason2621, 64, male, 41 8th Avenue, 2565, Virginia
Nicole9722, 19, male, 58 8th Avenue, 3421, New Mexico
James4494, 66, male, 92 7th Avenue, 30964, Texas
Becca6277, 62, male, 3 Pine Avenue, 17428, Michigan
Laura3641, 37, male, 53 Lake Avenue, 66662, Kansas
Jared6892, 36, male, 4 Meadow Avenue, 4315, Utah
Steven9026, 58, male, 52 South Avenue, 69217, Indiana
Sandra6103, 51, male, 91 3rd Avenue, 79654, Iowa
Helen8707, 40, male, 43 Birch Avenue, 34927, Georgia
Jennifer9486, 58, male, 63 2nd Avenue, 4755, Mississippi
Nicole6184, 18, male, 21 Willow Avenue, 18417, Virginia
Steven7207, 30, male, 21 1st Avenue, 96938, West Virginia
John4586, 47, male, 32 10th Avenue, 43544, Massachusetts
Becca6813, 60, male, 12 Willow Avenue, 48781, Connecticut
Jennifer6307, 25, male, 76 6th Avenue, 39220, Mississippi
Donna3462, 64, male, 33 Meadow Avenue, 87361, West Virginia
John7220, 38, male, 55 9th Avenue, 29166, Washingston
Donald1112, 18, male, 38 Hillside Avenue, 54280, Hawaii
Betty935, 37, male, 41 7th Avenue, 79959, Maryland
Betty2128, 61, male, 91 Evergreen Avenue, 88646, Missouri
Jared3365, 62, male, 75 6th Avenue, 71445, Michigan
James7781, 38, male, 72 Redwood Avenue, 95429, Virginia
Linda3001, 47, male, 22 Lake Avenue, 69952, Arizona
Jennifer579, 35, male, 9 9th Avenue, 1690, Wisconsin
Jason7708, 24, male, 87 4th Avenue, 81147, North Dakota
Lisa2343, 42, male, 58 Main Avenue, 94381, Mississippi
Jason8677, 34, male, 78 5th Avenue, 52249, Michigan
Mark4963, 66, male, 31 10th Avenue, 67738, Michigan
Donald2857, 63, male, 54 1st Avenue, 60501, Michigan
Susan6038, 34, male, 96 Maple Avenue, 54359, Ohio
Becca5202, 61, male, 9 Lake Avenue, 12348, Rhode Island
Ronald1884, 30, male, 73 Redwood Avenue, 10457, Indiana
Ronald9065, 49, male, 7 South Avenue, 62547, New Hampshire
Donald4147, 51, male, 87 North Avenue, 76072, Indiana
Michael4872, 24, male, 23 Hillside Avenue, 21765, North Dakota
James5228, 62, male, 8 Maple Avenue, 5294, Kentucky
Mary6290, 57, male, 46 4th Avenue, 86149, Virginia
Lisa9730, 21, male, 93 5th Avenue, 62361, Nevada
Becca8834, 27, male, 81 Pine Avenue, 57933, New Hampshire
Karen1209, 40, male, 75 Apache Avenue, 68108, Arizona
John2343, 27, male, 46 Ridge Avenue, 31015, Colorado
James367, 39, male, 27 East Avenue, 31297, New Mexico
John9519, 38, male, 2 South Avenue, 67345, Virginia
James5448, 40, male, 15 8th Avenue, 56211, Colorado
Susan997, 54, male, 89 Willow Avenue, 98359, Vermont
Donna4800, 48, male, 1 4th Avenue, 15078, Nebraska
Becca2747, 59, male, 40 Evergreen Avenue, 89869, Iowa
Lisa5019, 56, male, 61 Meadow Avenue, 88418, Colorado
James8759, 40, male, 56 Pine Avenue, 76173, Alabama
Sarah7520, 43, male, 41 Jackson Avenue, 72256, Michigan
Lisa8945, 37, male, 47 2nd Avenue, 61310, Hawaii
Robert8312, 60, male, 40 Apache Avenue, 77189, Arizona
Anthony2870, 39, male, 2 1st Avenue, 20046, Virginia
Susan4954, 18, male, 41 South Avenue, 7532, Illinois
Jennifer8467, 30, male, 17 5th Avenue, 69789, Rhode Island
Donna1358, 66, male, 18 Oak Avenue, 22765, West Virginia
Laura2477, 44, male, 26 9th Avenue, 69075, Washington D.C.
Nicole4048, 27, male, 71 West Avenue, 73905, Kentucky
Becca5371, 19, male, 19 Birch Avenue, 71365, Minnesota
Karen565, 35, male, 100 Hillside Avenue, 42999, New Jersey
Michael7283, 32, male, 64 Lake Avenue, 14270, Virginia
Helen4225, 34, male, 61 Apache Avenue, 9484, Mississippi
John663, 28, male, 14 Apache Avenue, 74581, Kansas
Anthony8709, 36, male, 7 South Avenue, 87354, Alabama
Becca6973, 52, male, 8 7th Avenue, 98403, Alaska
Laura3385, 30, male, 76 Apache Avenue, 78554, Kentucky
Sarah5250, 63, male, 46 North Avenue, 49632, Maine
Mark773, 61, male, 61 Elm Avenue, 84102, Indiana
Jennifer7327, 24, male, 16 2nd Avenue, 37966, Arizona
Damian5051, 23, male, 37 3rd Avenue, 90262, New York
Nicole4387, 31, male, 88 5th Avenue, 23712, Georgia
Susan7227, 19, male, 48 Birch Avenue, 94725, Wisconsin
Donna2220, 32, male, 38 9th Avenue, 89123, Arkansas
Linda9147, 46, male, 28 8th Avenue, 72874, California
Jared9430, 40, male, 81 Hillside Avenue, 32890, Tennessee
Donna9962, 56, male, 45 Redwood Avenue, 15926, Florida
Karen970, 53, male, 8 5th Avenue, 65067, New Hampshire
Sandra6141, 40, male, 16 3rd Avenue, 23087, Alabama
Damian6567, 18, male, 80 Willow Avenue, 12610, Wyoming
Sandra9818, 21, male, 81 Maple Avenue, 64873, Nebraska
Jared6406, 67, male, 10 9th Avenue, 74751, Alabama
Jared223, 51, male, 44 West Avenue, 46111, Tennessee
James4854, 23, male, 79 Ridge Avenue, 36027, Maryland
Damian2988, 54, male, 84 4th Avenue, 46477, Alaska
Mary1585, 19, male, 17 Redwood Avenue, 49200, Washington D.C.
Anthony8156, 42, male, 4 3rd Avenue, 44662, Delaware
Anthony4196, 51, male, 51 3rd Avenue, 29921, Georgia
John4142, 41, male, 4 Hillside Avenue, 45385, Idaho
Damian84, 53, male, 86 2nd Avenue, 68814, Ohio
Steven3896, 65, male, 37 3rd Avenue, 42949, Alabama
John1188, 22, male, 92 West Avenue, 32310, Rhode Island
Laura9475, 32, male, 19 South Avenue, 91275, Wisconsin
Susan2462, 43, male, 70 Willow Avenue, 58181, Washington D.C.
Lisa9089, 44, male, 89 East Avenue, 99023, South Carolina
Laura5654, 61, male, 22 2nd Avenue, 44599, North Carolina
Ronald9415, 28, male, 60 South Avenue, 63116, West Virginia
Robert1170, 51, male, 31 West Avenue, 94754, Oregon
Jared8109, 46, male, 6 Main Avenue, 74471, New Hampshire
James2374, 39, male, 77 Sunset Avenue, 94267, Minnesota
Laura9978, 60, male, 38 6th Avenue, 90554, Maine
Sarah3907, 51, male, 83 3rd Avenue, 67157, Maine
Betty8852, 47, male, 23 Willow Avenue, 88275, Texas
Jared8797, 41, male, 30 2nd Avenue, 20298, South Dakota
Helen949, 18, male, 73 3rd Avenue, 75253, Hawaii
Damian8267, 60, male, 76 7th Avenue, 24886, Indiana
Jared2415, 61, male, 11 4th Avenue, 21636, Minnesota
Ronald646, 38, male, 38 Apache Avenue, 42015, Virginia
Damian8138, 21, male, 66 East Avenue, 21232, North Carolina
Mark2771, 55, male, 85 Main Avenue, 36172, Utah
Jason7861, 34, male, 28 Sunset Avenue, 56030, Wyoming
Betty2182, 23, male, 14 1st Avenue, 21370, Florida
Michael2343, 36, male, 89 2nd Avenue, 91201, Virginia
Mark3768, 52, male, 60 Redwood Avenue, 39959, Texas
Donna1544, 51, male, 10 Hillside Avenue, 568, Nevada
James691, 42, male, 8 Lake Avenue, 73567, Washingston
Robert8889, 42, male, 31 Oak Avenue, 70876, Idaho
Jennifer3578, 60, male, 44 East Avenue, 18188, Washington D.C.
Helen3559, 30, male, 2 2nd Avenue, 83228, Kansas
Donna292, 38, male, 57 Ridge Avenue, 85326, Arizona
Karen4796, 34, male, 15 5th Avenue, 14549, Tennessee
Helen8846, 49, male, 56 Main Avenue, 43293, West Virginia
Helen5123, 55, male, 58 Sunset Avenue, 97184, Oregon
Sarah5094, 56, male, 59 Elm Avenue, 40329, Texas
Betty3023, 59, male, 31 6th Avenue, 47082, West Virginia
Donald4226, 29, male, 88 Main Avenue, 98717, North Carolina
Becca7421, 64, male, 15 10th Avenue, 91662, Arkansas
Donald3229, 53, male, 75 Jackson Avenue, 3911, Montana
James5246, 52, male, 18 10th Avenue, 37413, New Hampshire
Betty5363, 18, male, 22 Sunset Avenue, 94390, Connecticut
Michael242, 28, male, 61 6th Avenue, 30828, West Virginia
Anthony806, 50, male, 53 Elm Avenue, 50400, Utah
Lisa3232, 18, male, 3 6th Avenue, 36541, North Carolina
James1057, 35, male, 85 Main Avenue, 38769, Missouri
James8219, 30, male, 70 Sunset Avenue, 6497, Pennyslvania
Donna6861, 65, male, 2 Hillside Avenue, 74223, Florida
Anthony9724, 55, male, 48 Redwood Avenue, 86218, Wisconsin
Lisa910, 35, male, 76 Sunset Avenue, 97313, Maine
Helen7938, 49, male, 91 Lake Avenue, 7033, Montana
Jared4556, 40, male, 72 5th Avenue, 60420, South Dakota
Karen801, 43, male, 55 North Avenue, 70815, California
Donna2731, 42, male, 3 Meadow Avenue, 85090, Ohio
Robert2094, 54, male, 67 West Avenue, 18547, New Mexico
Damian1370, 50, male, 98 Pine Avenue, 92192, Washingston
Michael9130, 33, male, 71 Evergreen Avenue, 73093, New York
Karen7802, 65, male, 24 5th Avenue, 74809, Oregon
Steven8199, 32, male, 32 Redwood Avenue, 23678, Rhode Island
Anthony9553, 27, male, 15 Apache Avenue, 33696, Iowa
Mary6748, 54, male, 51 Hillside Avenue, 65704, Michigan
James3725, 35, male, 31 1st Avenue, 92879, Washingston
Betty8161, 59, male, 14 Apache Avenue, 90483, North Dakota
Sandra7463, 22, male, 20 4th Avenue, 44584, New York
Linda7084, 57, male, 26 Maple Avenue, 22563, Iowa
Mark8866, 33, male, 3 Apache Avenue, 47837, Idaho
Robert182, 57, male, 49 Hillside Avenue, 87803, Kentucky
John2206, 41, male, 86 Hillside Avenue, 21817, Pennyslvania
Michael2010, 32, male, 63 Maple Avenue, 70778, Connecticut
Jennifer8855, 64, male, 91 Main Avenue, 92287, Idaho
Laura1285, 56, male, 66 Hillside Avenue, 32445, New Mexico
Michael3218, 24, male, 24 7th Avenue, 29842, Maine
Mary4752, 63, male, 31 Main Avenue, 16163, New York
Anthony2296, 57, male, 82 9th Avenue, 72123, Washingston
Sandra4742, 30, male, 78 Apache Avenue, 44779, New Jersey
Donald3356, 23, male, 18 West Avenue, 40253, Texas
Robert4179, 29, male, 8 3rd Avenue, 46538, Kansas
Damian6682, 38, male, 77 Birch Avenue, 97411, New Hampshire
Linda6645, 28, male, 47 Oak Avenue, 60241, New York
Damian9723, 32, male, 32 Birch Avenue, 5378, New York
Michael3477, 48, male, 1 Main Avenue, 71904, South Dakota
Helen3284, 52, male, 32 North Avenue, 71217, South Dakota
Jason2059, 39, male, 31 Elm Avenue, 30400, Alaska
Laura8042, 48, male, 22 West Avenue, 31428, New Hampshire
Michael3068, 52, male, 28 8th Avenue, 93768, Kentucky
Susan8792, 25, male, 3 West Avenue, 74995, Indiana
Sarah4549, 37, male, 63 9th Avenue, 23971, Minnesota
Linda589, 50, male, 6 Ridge Avenue, 31415, Nebraska
Linda4910, 66, male, 39 Ridge Avenue, 55482, South Dakota
Nicole7636, 59, male, 50 West Avenue, 56363, West Virginia
Helen7543, 20, male, 6 5th Avenue, 21194, Nevada
Betty7002, 28, male, 41 5th Avenue, 61333, Indiana
Becca1336, 57, male, 26 3rd Avenue, 87485, West Virginia
Donna8061, 37, male, 29 Ridge Avenue, 21885, Wyoming
Linda9215, 55, male, 28 Oak Avenue, 29276, Nevada
Steven4653, 38, male, 29 2nd Avenue, 84456, Virginia
John1993, 49, male, 66 Maple Avenue, 8856, Arkansas
Betty8683, 58, male, 53 Oak Avenue, 24718, Alabama
Lisa4461, 49, male, 55 6th Avenue, 93401, Alabama
Sandra5082, 55, male, 11 9th Avenue, 43923, Arkansas
Damian3121, 49, male, 97 Lake Avenue, 21265, New Jersey
Becca9806, 24, male, 95 South Avenue, 10183, Texas
Susan240, 65, male, 97 East Avenue, 45466, Missouri
Donald4289, 19, male, 75 East Avenue, 60816, Washington D.C.
Sarah8137, 34, male, 43 Lake Avenue, 69119, Rhode Island
Jason3555, 44, male, 13 Willow Avenue, 91384, Arizona
Steven4174, 28, male, 22 7th Avenue, 32846, Alabama
Donald1715, 56, male, 36 9th Avenue, 26371, Wyoming
Linda1002, 21, male, 28 3rd Avenue, 83197, Utah
Jared9697, 50, male, 26 Maple Avenue, 18503, South Dakota
Linda6088, 35, male, 53 9th Avenue, 43368, Louisiana
Sarah3891, 67, male, 1 Sunset Avenue, 31099, Rhode Island
Jared2752, 33, male, 34 3rd Avenue, 23299, Oklahoma
Karen8006, 50, male, 4 Pine Avenue, 33240, Mississippi
Laura8447, 67, male, 50 Hillside Avenue, 67194, New York
Michael8006, 19, male, 58 Main Avenue, 4956, New York
Jason6579, 44, male, 21 West Avenue, 51456, Delaware
Steven3622, 56, male, 56 7th Avenue, 61059, Rhode Island
Mark1422, 59, male, 92 Ridge Avenue, 44331, Mississippi
Helen4521, 23, male, 72 Ridge Avenue, 72243, Oklahoma
Donald4659, 33, male, 43 Main Avenue, 69266, Hawaii
Donald3980, 58, male, 80 Birch Avenue, 27776, New York
Laura5353, 52, male, 67 Meadow Avenue, 92560, Idaho
Becca6359, 45, male, 8 Redwood Avenue, 87820, Wyoming
Mark4945, 45, male, 13 4th Avenue, 53450, Hawaii
Linda1353, 19, male, 90 Birch Avenue, 28933, Rhode Island
Lisa5650, 52, male, 33 8th Avenue, 89326, Hawaii
Sarah4114, 61, male, 38 1st Avenue, 3628, Pennyslvania
Michael6305, 39, male, 24 6th Avenue, 60086, Colorado
Robert9401, 43, male, 25 West Avenue, 21702, Illinois
James795, 66, male, 67 Maple Avenue, 2240, Minnesota
Lisa6331, 57, male, 82 Oak Avenue, 71048, New Jersey
Sarah9405, 24, male, 49 3rd Avenue, 44906, Arkansas
James168, 47, male, 22 9th Avenue, 49996, Illinois
Steven5077, 29, male, 38 2nd Avenue, 92110, Oregon
Donna348, 22, male, 86 Maple Avenue, 22999, South Carolina
Jennifer9678, 37, male, 24 Hillside Avenue, 69391, Massachusetts
Sandra7906, 44, male, 7 5th Avenue, 38634, Oregon
Sarah5707, 24, male, 14 North Avenue, 94534, Oklahoma
Jason5703, 56, male, 30 Pine Avenue, 4271, Louisiana
Jennifer7484, 30, male, 11 Oak Avenue, 17292, Colorado
Sarah9830, 56, male, 6 South Avenue, 54943, Ohio
Anthony1859, 62, male, 61 Willow Avenue, 27324, Washington D.C.
Jason2267, 63, male, 60 East Avenue, 91877, Connecticut
Lisa3991, 63, male, 76 Lake Avenue, 32657, Georgia
Jared3573, 31, male, 41 Lake Avenue, 62614, Virginia
Mary8876, 33, male, 75 3rd Avenue, 80942, Tennessee
Sandra2924, 60, male, 79 6th Avenue, 98740, New Jersey
Steven3104, 20, male, 5 Meadow Avenue, 18317, North Dakota
Mary5086, 23, male, 8 Apache Avenue, 16416, North Dakota
Michael6151, 42, male, 35 Sunset Avenue, 55192, Rhode Island
Damian586, 44, male, 80 Hillside Avenue, 58380, Delaware
Karen9297, 36, male, 80 1st Avenue, 30757, Wisconsin
Helen8344, 19, male, 17 Birch Avenue, 28490, Nevada
Sandra9639, 34, male, 22 North Avenue, 32726, New Hampshire
Laura2390, 44, male, 79 Pine Avenue, 60528, Virginia
Betty5247, 66, male, 19 10th Avenue, 61327, California
Betty8255, 54, male, 70 Hillside Avenue, 94708, South Dakota
Betty6158, 62, male, 57 5th Avenue, 43339, Nebraska
John3381, 50, male, 10 Hillside Avenue, 88915, Wisconsin
Lisa78, 28, male, 77 3rd Avenue, 55719, Pennyslvania
Michael8269, 34, male, 39 Lake Avenue, 68344, Alaska
Susan3583, 54, male, 9 5th Avenue, 80283, New York
Robert49, 40, male, 22 Apache Avenue, 1521, South Dakota
Linda6042, 64, male, 33 West Avenue, 43235, Ohio
Anthony2246, 21, male, 19 Evergreen Avenue, 68625, Vermont
Linda6211, 26, male, 100 Apache Avenue, 56089, Connecticut
Mark2373, 63, male, 83 2nd Avenue, 64911, Tennessee
Karen2931, 47, male, 100 4th Avenue, 88316, Louisiana
Mary8137, 47, male, 55 Meadow Avenue, 85309, Alabama
Karen7449, 47, male, 5 Park Avenue, 26831, Vermont
Susan5220, 32, male, 18 Jackson Avenue, 4488, Kentucky
Steven7026, 42, male, 2 Oak Avenue, 98740, North Dakota
Donna9236, 38, male, 70 Apache Avenue, 43704, North Dakota
Mary3122, 56, male, 99 North Avenue, 28549, Montana
Nicole4067, 46, male, 86 Ridge Avenue, 74374, Wyoming
Anthony3324, 62, male, 42 Jackson Avenue, 71569, Massachusetts
Donald7894, 52, male, 79 Evergreen Avenue, 78442, Wisconsin
Steven8834, 48, male, 63 West Avenue, 89950, Washingston
Jared755, 56, male, 35 4th Avenue, 47765, Montana
Helen7204, 54, male, 3 Jackson Avenue, 86479, Minnesota
Robert1785, 37, male, 72 Redwood Avenue, 96370, Mississippi
Ronald4969, 64, male, 40 4th Avenue, 72616, Mississippi
Becca1861, 26, male, 38 Lake Avenue, 41826, Nebraska
Helen1457, 42, male, 53 Sunset Avenue, 68699, New York
James6257, 26, male, 87 Ridge Avenue, 50685, Idaho
Helen6174, 31, male, 88 Willow Avenue, 93899, Alaska
Laura8204, 63, male, 43 Main Avenue, 95440, Hawaii
Laura2999, 23, male, 66 5th Avenue, 89773, Florida
Jennifer2719, 34, male, 20 4th Avenue, 31963, Minnesota
Linda5117, 49, male, 66 3rd Avenue, 4327, Florida
Linda4978, 30, male, 14 Park Avenue, 20016, Maine
John6371, 65, male, 14 Oak Avenue, 47168, Montana
Mary9498, 41, male, 36 3rd Avenue, 6570, Vermont
Linda6459, 65, male, 38 Meadow Avenue, 72001, Missouri
Steven6428, 54, male, 72 6th Avenue, 74239, Kansas
Mark393, 31, male, 79 Jackson Avenue, 47859, Texas
Mark2881, 24, male, 51 Pine Avenue, 74316, Colorado
Karen6318, 61, male, 52 4th Avenue, 85592, West Virginia
Lisa3074, 59, male, 65 Elm Avenue, 70442, New Mexico
Michael5378, 35, male, 32 7th Avenue, 70695, Washington D.C.
Michael1133, 38, male, 26 Main Avenue, 80957, New Hampshire
Mark7810, 59, male, 8 5th Avenue, 24400, Alaska
Jennifer7620, 36, male, 14 Evergreen Avenue, 3220, Florida
Sandra7674, 35, male, 97 Lake Avenue, 51728, Illinois
Ronald6750, 21, male, 83 Jackson Avenue, 86057, Idaho
Damian4405, 51, male, 69 Ridge Avenue, 91898, Colorado
Becca5090, 59, male, 56 4th Avenue, 77903, Florida
Jason8363, 36, male, 47 Elm Avenue, 10527, Tennessee
John4341, 34, male, 92 3rd Avenue, 91164, North Dakota
Becca2489, 31, male, 27 Park Avenue, 16407, New Mexico
Robert7601, 67, male, 67 10th Avenue, 86178, New Jersey
Robert5625, 36, male, 58 Oak Avenue, 78115, Indiana
Steven1827, 24, male, 92 Willow Avenue, 56292, Oklahoma
Laura3482, 21, male, 77 East Avenue, 76562, Illinois
Becca8437, 29, male, 39 North Avenue, 21343, New Mexico
Becca3178, 19, male, 19 9th Avenue, 84460, Rhode Island
Robert6636, 51, male, 42 1st Avenue, 1337, Florida
John7962, 53, male, 26 5th Avenue, 64209, Arizona
Susan4289, 42, male, 64 Sunset Avenue, 47497, Illinois
Lisa5324, 30, male, 23 South Avenue, 41539, Texas
Mary4723, 61, male, 27 9th Avenue, 64992, Georgia
Becca3239, 47, male, 5 Sunset Avenue, 99643, West Virginia
Jared1742, 44, male, 12 3rd Avenue, 86210, New Mexico
Nicole8937, 65, male, 26 2nd Avenue, 52867, Minnesota
Donald8542, 30, male, 64 Ridge Avenue, 46441, Connecticut
Anthony1007, 28, male, 7 Birch Avenue, 63736, South Dakota
Jennifer1432, 54, male, 62 Ridge Avenue, 75467, New Hampshire
Donald9252, 40, male, 24 West Avenue, 1877, South Dakota
Ronald4113, 23, male, 8 Maple Avenue, 90671, Massachusetts
Anthony7225, 49, male, 22 Park Avenue, 82661, Massachusetts
Mark6197, 67, male, 64 Redwood Avenue, 50602, Idaho
Nicole2324, 28, male, 72 Meadow Avenue, 69623, Florida
Jason2141, 50, male, 42 8th Avenue, 7657, Texas
John6121, 35, male, 62 Meadow Avenue, 69227, Kansas
James597, 51, male, 35 Apache Avenue, 7843, Nevada
Mark1724, 41, male, 37 Evergreen Avenue, 45335, Virginia
Lisa7188, 33, male, 31 Sunset Avenue, 11854, South Carolina
Helen6206, 46, male, 34 West Avenue, 54740, Pennyslvania
Nicole2277, 64, male, 13 3rd Avenue, 18367, Arizona
Jennifer8722, 52, male, 25 4th Avenue, 43370, Iowa
Linda4747, 29, male, 4 8th Avenue, 28592, Pennyslvania
Sandra9896, 29, male, 9 Evergreen Avenue, 34745, Washington D.C.
John6605, 42, male, 90 Hillside Avenue, 13839, Texas
Steven7307, 38, male, 49 Evergreen Avenue, 28786, Oregon
Ronald7128, 60, male, 50 Sunset Avenue, 95044, Alabama
Ronald449, 37, male, 46 Birch Avenue, 80958, New Jersey
Jared3742, 53, male, 47 Maple Avenue, 74935, Wisconsin
Jason3270, 21, male, 31 South Avenue, 3792, Arkansas
Donna8533, 23, male, 29 Redwood Avenue, 93868, Hawaii
Damian640, 62, male, 28 Apache Avenue, 96109, Maine
Ronald7968, 58, male, 50 Pine Avenue, 32167, Kansas
Susan3009, 25, male, 67 9th Avenue, 18780, Wyoming
Susan4446, 56, male, 54 7th Avenue, 46583, Alaska
Donna9059, 53, male, 47 Elm Avenue, 62551, Missouri
John8953, 58, male, 99 Sunset Avenue, 16528, Kentucky
John1007, 36, male, 53 Redwood Avenue, 44426, Hawaii
Susan7249, 41, male, 35 6th Avenue, 32475, Texas
Sarah5196, 64, male, 80 9th Avenue, 76845, Massachusetts
John1556, 57, male, 94 6th Avenue, 96467, New York
Nicole8183, 28, male, 9 Pine Avenue, 50136, Minnesota
Donald8448, 39, male, 47 Apache Avenue, 46054, New Mexico
Jared9575, 32, male, 10 South Avenue, 6023, New Hampshire
Jason9298, 35, male, 48 Elm Avenue, 18120, Washington D.C.
Steven7801, 47, male, 67 9th Avenue, 56269, Ohio
Mary7047, 20, male, 54 South Avenue, 90288, Colorado
Jared8284, 59, male, 47 6th Avenue, 31612, North Carolina
Donna5467, 18, male, 100 South Avenue, 76229, Mississippi
Damian6041, 41, male, 73 2nd Avenue, 30660, Mississippi
Nicole6993, 58, male, 63 6th Avenue, 99211, Washington D.C.
Ronald3452, 28, male, 69 10th Avenue, 94743, Kentucky
Jason6304, 50, male, 43 8th Avenue, 57903, Maryland
Sandra2514, 19, male, 80 10th Avenue, 42315, New Jersey
Helen3522, 21, male, 34 6th Avenue, 28416, Michigan
Damian7440, 41, male, 3 Evergreen Avenue, 97128, Washingston
Linda1667, 24, male, 98 8th Avenue, 53678, North Dakota
Helen8765, 44, male, 72 Oak Avenue, 45041, Montana
Becca2539, 52, male, 70 West Avenue, 60604, Iowa
Nicole9189, 65, male, 17 Redwood Avenue, 83707, Louisiana
Donna3706, 26, male, 63 North Avenue, 28260, Washingston
Betty2170, 30, male, 39 3rd Avenue, 54529, New Mexico
Susan8719, 22, male, 77 Jackson Avenue, 75867, Arizona
Lisa4543, 40, male, 43 Evergreen Avenue, 26671, Kentucky
Donna8746, 45, male, 56 Hillside Avenue, 83415, Idaho
Sandra7272, 51, male, 35 9th Avenue, 44778, Virginia
Nicole1795, 46, male, 86 Ridge Avenue, 57346, Idaho
Sandra3316, 27, male, 70 East Avenue, 88841, Florida
Mary8807, 30, male, 96 Elm Avenue, 6021, Washingston
Jason4539, 56, male, 30 Meadow Avenue, 36686, Ohio
John5323, 44, male, 4 Meadow Avenue, 9478, Oregon
Steven310, 36, male, 51 3rd Avenue, 75905, Colorado
Steven8321, 63, male, 99 Evergreen Avenue, 89998, Washingston
James6637, 51, male, 48 Birch Avenue, 94610, Utah
Jason1717, 40, male, 39 Ridge Avenue, 55232, Arizona
Ronald6599, 30, male, 5 Pine Avenue, 21548, Arkansas
Nicole3077, 26, male, 30 Apache Avenue, 7876, Iowa
Jared2354, 18, male, 24 1st Avenue, 24201, Idaho
Mary4716, 49, male, 77 6th Avenue, 98954, Illinois
Ronald4041, 46, male, 72 8th Avenue, 26415, Washingston
Michael6949, 67, male, 92 West Avenue, 58661, Iowa
John8644, 35, male, 90 Main Avenue, 65366, Hawaii
Becca2342, 44, male, 54 4th Avenue, 15781, Massachusetts
Damian8778, 29, male, 38 Apache Avenue, 8891, Nevada
Damian1809, 56, male, 90 Oak Avenue, 62567, Alaska
Michael3095, 48, male, 91 Birch Avenue, 36816, Iowa
Donald1677, 34, male, 63 South Avenue, 66542, Utah
Susan8423, 44, male, 6 Meadow Avenue, 65418, Indiana
Sandra539, 50, male, 35 4th Avenue, 4283, Alaska
Laura258, 33, male, 9 2nd Avenue, 51166, Minnesota
Betty5041, 24, male, 8 Main Avenue, 51232, Texas
Ronald81, 62, male, 61 8th Avenue, 37713, Maryland
James9393, 37, male, 65 6th Avenue, 76869, Illinois
Ronald5008, 33, male, 70 Elm Avenue, 35885, Arkansas
Mary8222, 61, male, 40 Meadow Avenue, 90789, Wyoming
Betty5811, 19, male, 98 Birch Avenue, 43358, Maine
Sandra2439, 61, male, 31 Jackson Avenue, 29049, Louisiana
Susan5772, 55, male, 94 9th Avenue, 16486, Kansas
Jared9043, 51, male, 85 Evergreen Avenue, 10394, Idaho
James3224, 26, male, 96 Evergreen Avenue, 29367, Virginia
James9473, 49, male, 88 Ridge Avenue, 2981, Massachusetts
Anthony7046, 57, male, 44 Hillside Avenue, 11057, Illinois
Ronald5055, 53, male, 15 1st Avenue, 56999, New Jersey
Sarah7697, 67, male, 81 Redwood Avenue, 35670, Mississippi
Mark8833, 20, male, 53 Ridge Avenue, 33482, Pennyslvania
Helen479, 20, male, 3 North Avenue, 85126, Ohio
Donna5452, 34, male, 35 Pine Avenue, 23156, Pennyslvania
Mark1681, 31, male, 51 Willow Avenue, 59938, Maryland
Becca8744, 26, male, 25 Elm Avenue, 51191, California
Susan5985, 30, male, 100 Birch Avenue, 20161, Maryland
Nicole8554, 48, male, 49 Maple Avenue, 31225, Washington D.C.
Sarah9199, 45, male, 100 Pine Avenue, 69819, Minnesota
Nicole1631, 53, male, 58 Pine Avenue, 69382, North Carolina
Donna7758, 39, male, 22 West Avenue, 62253, Kentucky
Michael4173, 37, male, 81 Evergreen Avenue, 70407, Massachusetts
Anthony6885, 57, male, 32 Maple Avenue, 90005, Hawaii
Helen884, 19, male, 83 Redwood Avenue, 60439, Ohio
Sarah5996, 21, male, 3 Sunset Avenue, 82200, Hawaii
Mary9838, 30, male, 85 Oak Avenue, 77870, Oregon
Betty9240, 35, male, 99 South Avenue, 25174, Wisconsin
Helen4594, 26, male, 90 4th Avenue, 60973, Virginia
Mary7203, 41, male, 71 5th Avenue, 24913, Virginia
Donna5332, 65, male, 34 West Avenue, 81254, South Carolina
James9931, 59, male, 6 3rd Avenue, 27367, Wisconsin
Jason2907, 56, male, 45 8th Avenue, 18406, Idaho
Betty5741, 55, male, 99 7th Avenue, 25559, Oklahoma
Laura3663, 50, male, 65 Evergreen Avenue, 58793, Nebraska
Mark7757, 50, male, 29 7th Avenue, 26030, Indiana
Susan4770, 31, male, 44 Ridge Avenue, 85071, Montana
Jennifer7048, 58, male, 22 2nd Avenue, 15473, New Hampshire
Robert1479, 33, male, 55 Apache Avenue, 88004, South Carolina
Linda3935, 21, male, 53 8th Avenue, 49435, South Carolina
Ronald355, 42, male, 54 Hillside Avenue, 31475, Washington D.C.
Damian9598, 34, male, 8 Pine Avenue, 12042, New Jersey
Karen8063, 59, male, 57 Park Avenue, 17506, Maine
Jennifer1231, 18, male, 29 North Avenue, 75, Wisconsin
Michael2551, 48, male, 55 Park Avenue, 58731, West Virginia
Michael1747, 52, male, 64 5th Avenue, 38646, New Mexico
Jason2100, 49, male, 70 Sunset Avenue, 59652, Texas
Laura584, 57, male, 5 Park Avenue, 69487, Pennyslvania
Becca8762, 43, male, 63 North Avenue, 36826, Minnesota
Helen9271, 37, male, 21 6th Avenue, 92388, Alaska
Nicole3318, 22, male, 30 Willow Avenue, 39696, Colorado
Mary4885, 44, male, 48 8th Avenue, 14162, Wisconsin
Karen6564, 56, male, 92 10th Avenue, 48574, Montana
Jason227, 47, male, 24 South Avenue, 75147, North Carolina
Donna5559, 33, male, 29 South Avenue, 79037, South Carolina
Anthony7884, 39, male, 23 Elm Avenue, 87638, Georgia
Nicole2501, 39, male, 45 Willow Avenue, 91273, Alaska
Laura949, 50, male, 59 Ridge Avenue, 24600, Nevada
Nicole2286, 20, male, 81 South Avenue, 69705, Oklahoma
Jared7657, 65, male, 37 Meadow Avenue, 81980, Iowa
Linda6008, 48, male, 94 3rd Avenue, 8334, Kentucky
Becca3334, 49, male, 65 10th Avenue, 88695, Michigan
Sandra555, 64, male, 7 Lake Avenue, 19023, Oklahoma
Sandra6717, 59, male, 25 Redwood Avenue, 29399, Florida
James6364, 18, male, 83 South Avenue, 70438, Oregon
Betty6028, 36, male, 2 Elm Avenue, 44751, Mississippi
James2500, 42, male, 91 Willow Avenue, 29359, South Carolina
Damian5070, 30, male, 68 Ridge Avenue, 41745, Utah
Susan7001, 34, male, 75 Maple Avenue, 26257, Connecticut
Mary8863, 61, male, 98 Park Avenue, 39434, South Carolina
Sandra5064, 38, male, 80 Apache Avenue, 10076, Wyoming
Jared6749, 62, male, 38 Park Avenue, 84967, Delaware
Mark1053, 33, male, 99 Meadow Avenue, 78018, New Hampshire
Ronald3413, 18, male, 48 Pine Avenue, 58411, Montana
Laura1948, 36, male, 25 Lake Avenue, 41543, Florida
Sarah9925, 58, male, 27 Ridge Avenue, 59241, Illinois
Linda7697, 63, male, 96 10th Avenue, 93750, West Virginia
Karen1053, 56, male, 18 Willow Avenue, 91455, North Dakota
Mary1612, 28, male, 56 Oak Avenue, 51488, Mississippi
Mary9827, 19, male, 48 East Avenue, 73781, Virginia
Michael2992, 62, male, 89 3rd Avenue, 54125, Connecticut
Donald3561, 40, male, 51 Evergreen Avenue, 12807, Louisiana
Robert1896, 54, male, 8 West Avenue, 91787, Kentucky
Karen43, 59, male, 34 5th Avenue, 78004, Michigan
Robert7477, 43, male, 75 4th Avenue, 79971, Kansas
Becca7550, 58, male, 89 Meadow Avenue, 36399, Florida
James6587, 41, male, 97 10th Avenue, 60393, Texas
John5704, 31, male, 18 Maple Avenue, 75466, Maine
Jennifer5404, 66, male, 70 9th Avenue, 95937, Colorado
Jennifer8116, 53, male, 97 1st Avenue, 5187, Ohio
Linda4196, 40, male, 94 Sunset Avenue, 56145, North Carolina
Linda777, 66, male, 32 8th Avenue, 64178, Massachusetts
Anthony2264, 49, male, 92 Meadow Avenue, 34068, California
Jason3614, 64, male, 35 1st Avenue, 40948, South Carolina
Michael2508, 19, male, 68 Main Avenue, 11941, Utah
John8280, 37, male, 44 Meadow Avenue, 8036, California
Jennifer7189, 30, male, 73 Elm Avenue, 48414, Wisconsin
Susan1926, 53, male, 93 6th Avenue, 15615, Louisiana
Sarah7586, 20, male, 20 7th Avenue, 61820, Georgia
Lisa9457, 36, male, 61 Sunset Avenue, 77080, Washington D.C.
Michael6613, 30, male, 93 South Avenue, 96125, Utah
Mary7017, 57, male, 37 Redwood Avenue, 31939, Hawaii
Jared9081, 67, male, 26 Pine Avenue, 18478, Missouri
Ronald8074, 55, male, 53 2nd Avenue, 25301, New Hampshire
Becca6216, 60, male, 48 West Avenue, 26846, Alaska
Ronald6443, 43, male, 86 1st Avenue, 97190, New Hampshire
Jason3495, 52, male, 75 Oak Avenue, 88153, Louisiana
Ronald3349, 24, male, 44 Sunset Avenue, 22417, Texas
James4088, 46, male, 93 Hillside Avenue, 99396, Oregon
Donna5037, 28, male, 93 Apache Avenue, 65185, New Jersey
Jennifer5892, 26, male, 11 Ridge Avenue, 94096, New York
Mark8861, 49, male, 9 8th Avenue, 8335, Montana
Sarah6045, 29, male, 34 Lake Avenue, 73825, New York
Susan722, 37, male, 8 2nd Avenue, 14315, Idaho
Jason9351, 67, male, 18 Maple Avenue, 84093, Michigan
Nicole848, 42, male, 11 3rd Avenue, 69090, Alaska
Lisa8353, 19, male, 92 4th Avenue, 37134, Wisconsin
Linda9755, 19, male, 70 9th Avenue, 17650, Michigan
Jared9990, 63, male, 47 Hillside Avenue, 29175, Missouri
Susan499, 49, male, 56 Birch Avenue, 56427, Georgia
Robert6711, 54, male, 90 6th Avenue, 54878, Maryland
Damian4029, 40, male, 88 Evergreen Avenue, 57926, Kansas
Donald2598, 67, male, 29 Park Avenue, 40634, Utah
Michael2861, 46, male, 6 South Avenue, 64148, New York
Jared5481, 36, male, 66 Meadow Avenue, 8106, Florida
John536, 24, male, 97 Lake Avenue, 26923, Michigan
Helen5948, 61, male, 47 Redwood Avenue, 2626, West Virginia
Susan7692, 47, male, 17 8th Avenue, 73242, Minnesota
Linda7830, 59, male, 3 Ridge Avenue, 35795, North Dakota
Steven6138, 67, male, 18 South Avenue, 11764, Minnesota
Steven2215, 29, male, 75 East Avenue, 56690, Hawaii
John4591, 23, male, 1 1st Avenue, 57752, Wyoming
Laura8091, 45, male, 77 Hillside Avenue, 1157, South Dakota
Lisa3289, 19, male, 67 Sunset Avenue, 9964, Pennyslvania
Lisa6282, 39, male, 88 North Avenue, 59446, Ohio
Michael4036, 63, male, 37 7th Avenue, 58176, Louisiana
James5895, 24, male, 65 9th Avenue, 54775, South Dakota
Mark2931, 20, male, 56 5th Avenue, 34775, South Dakota
Mark2134, 20, male, 35 Birch Avenue, 41575, Illinois
Donald9771, 27, male, 26 Lake Avenue, 97758, Tennessee
Robert8245, 54, male, 6 Ridge Avenue, 44351, Delaware
Michael3109, 63, male, 27 7th Avenue, 22062, Arizona
Mary7776, 35, male, 76 Main Avenue, 26932, Washingston
James1575, 34, male, 3 1st Avenue, 21684, Montana
Jennifer6208, 55, male, 34 Elm Avenue, 7666, Tennessee
Karen1121, 47, male, 55 Park Avenue, 61439, New York
John8788, 39, male, 90 7th Avenue, 99587, Oklahoma
Mary7495, 32, male, 21 8th Avenue, 87811, Rhode Island
Lisa7828, 48, male, 95 Birch Avenue, 77299, Utah
Sandra5726, 29, male, 1 2nd Avenue, 42768, Minnesota
Linda7896, 33, male, 20 Main Avenue, 11402, Oklahoma
Becca7894, 64, male, 29 South Avenue, 68269, Louisiana
Damian8163, 20, male, 34 Sunset Avenue, 33991, Indiana
John6911, 50, male, 56 Evergreen Avenue, 39786, Alabama
Mark926, 67, male, 81 Lake Avenue, 95944, Florida
Donald6723, 34, male, 80 Sunset Avenue, 86478, Illinois
Donna1383, 52, male, 29 Hillside Avenue, 88340, Idaho
Robert8938, 62, male, 97 7th Avenue, 78190, Idaho
Susan4086, 22, male, 24 South Avenue, 2029, Michigan
Mark1908, 62, male, 67 Maple Avenue, 89183, South Carolina
Lisa2731, 35, male, 15 Lake Avenue, 45939, Maryland
Jason6247, 24, male, 88 Apache Avenue, 15358, Rhode Island
Ronald3334, 47, male, 62 1st Avenue, 14142, Delaware
Anthony3223, 19, male, 87 Redwood Avenue, 25746, California
Donald5630, 36, male, 48 Apache Avenue, 12860, Illinois
Donald4550, 47, male, 95 Park Avenue, 61543, California
Helen5154, 64, male, 86 Hillside Avenue, 98564, Wyoming
Damian903, 61, male, 69 West Avenue, 63318, Kentucky
Sarah6500, 57, male, 18 1st Avenue, 12326, Tennessee
Steven7325, 53, male, 79 Sunset Avenue, 63064, West Virginia
Mark603, 47, male, 67 2nd Avenue, 11114, Iowa
Helen8390, 48, male, 99 Jackson Avenue, 37856, Connecticut
Damian3843, 54, male, 5 Birch Avenue, 95811, Virginia
Jared640, 38, male, 33 1st Avenue, 27585, Louisiana
Steven7294, 37, male, 100 Maple Avenue, 26930, Oklahoma
Mark2409, 60, male, 52 2nd Avenue, 83469, Maryland
Donald3892, 43, male, 81 Pine Avenue, 25641, Colorado
Damian3616, 53, male, 26 Lake Avenue, 20482, Ohio
Karen878, 51, male, 95 Sunset Avenue, 67812, Florida
Sandra4682, 29, male, 80 Apache Avenue, 73430, Connecticut
Michael9242, 51, male, 47 6th Avenue, 63200, Nebraska
Becca8262, 22, male, 76 7th Avenue, 46238, Oklahoma
Robert9423, 61, male, 100 Sunset Avenue, 50745, Connecticut
Sandra1758, 36, male, 49 10th Avenue, 72204, New Jersey
Mary2391, 32, male, 63 Redwood Avenue, 45168, Minnesota
Lisa1377, 19, male, 59 Park Avenue, 19231, Ohio
Jared9508, 41, male, 48 Willow Avenue, 4767, Massachusetts
Donald7518, 44, male, 19 9th Avenue, 33455, Wisconsin
Donald2126, 61, male, 8 Park Avenue, 41546, Mississippi
Robert6490, 29, male, 45 West Avenue, 95633, Virginia
Becca4278, 48, male, 19 Hillside Avenue, 36038, Louisiana
Helen351, 59, male, 46 Hillside Avenue, 74725, Florida
Jason8195, 62, male, 81 Jackson Avenue, 24692, Missouri
Karen1492, 30, male, 70 Lake Avenue, 63493, Wyoming
Damian7185, 54, male, 8 West Avenue, 30190, Utah
Jared6744, 62, male, 41 9th Avenue, 60440, Maine
Linda10, 30, male, 11 8th Avenue, 54263, Ohio
Nicole7741, 48, male, 2 2nd Avenue, 57579, Washingston
Anthony7116, 21, male, 21 Hillside Avenue, 84191, Ohio
Betty8560, 45, male, 90 Willow Avenue, 2697, Arizona
Susan6015, 28, male, 27 Elm Avenue, 36561, Missouri
Mark5948, 60, male, 69 Park Avenue, 31490, California
Mary20, 29, male, 59 West Avenue, 38279, West Virginia
Sandra7162, 55, male, 91 Birch Avenue, 60693, Kansas
Nicole7120, 61, male, 77 Pine Avenue, 85086, Louisiana
Nicole8740, 52, male, 56 6th Avenue, 40611, New York
Becca2648, 45, male, 45 North Avenue, 44159, Mississippi
Anthony7707, 63, male, 35 3rd Avenue, 96380, Maryland
Ronald5501, 42, male, 22 Pine Avenue, 66039, South Dakota
Jason7399, 30, male, 27 8th Avenue, 82123, Kansas
Jason6641, 27, male, 12 5th Avenue, 58937, Alaska
Becca1847, 33, male, 2 5th Avenue, 51917, Vermont
Michael4671, 25, male, 74 South Avenue, 26064, Iowa
Ronald8059, 18, male, 85 9th Avenue, 93420, Massachusetts
Robert9174, 24, male, 63 Jackson Avenue, 97442, Texas
Ronald9018, 48, male, 81 2nd Avenue, 17581, Pennyslvania
Donna8794, 28, male, 65 East Avenue, 94058, New Mexico
Sarah7179, 22, male, 13 10th Avenue, 16925, Colorado
Linda6427, 24, male, 72 Elm Avenue, 48993, Kansas
Sarah2909, 58, male, 66 Evergreen Avenue, 96034, Maryland
Susan8384, 31, male, 99 Jackson Avenue, 39201, Iowa
Jared3534, 22, male, 75 Redwood Avenue, 43770, Indiana
Lisa55, 66, male, 54 7th Avenue, 40945, Minnesota
Jared6476, 54, male, 15 2nd Avenue, 40451, Illinois
Steven2442, 60, male, 2 Elm Avenue, 57984, Minnesota
Sarah4985, 49, male, 72 Evergreen Avenue, 10388, New Mexico
Robert8382, 57, male, 88 South Avenue, 22368, Mississippi
Jared3818, 34, male, 42 Park Avenue, 94152, Maine
John1348, 30, male, 79 South Avenue, 52672, Oregon
Nicole9997, 42, male, 11 7th Avenue, 94325, Mississippi
Jennifer75, 38, male, 92 9th Avenue, 93385, California
Damian2978, 45, male, 26 West Avenue, 66350, Illinois
James8692, 20, male, 63 Sunset Avenue, 28335, Maine
Laura3565, 61, male, 53 West Avenue, 30632, Vermont
James4512, 43, male, 59 South Avenue, 9255, Maine
Susan4203, 47, male, 24 North Avenue, 43146, Tennessee
Damian7168, 20, male, 42 Evergreen Avenue, 74225, Connecticut
Sandra5657, 54, male, 80 10th Avenue, 86012, Louisiana
Michael2942, 26, male, 9 Evergreen Avenue, 63755, Alaska
Donald3116, 23, male, 56 9th Avenue, 86710, Maryland
Jennifer3082, 52, male, 17 Sunset Avenue, 54469, Oregon
John2535, 63, male, 54 Sunset Avenue, 46615, Vermont
Anthony697, 20, male, 42 9th Avenue, 91869, Pennyslvania
Laura5984, 64, male, 84 10th Avenue, 57995, Wyoming
Sandra4260, 57, male, 99 Lake Avenue, 87811, Georgia
Becca3759, 58, male, 83 Meadow Avenue, 81765, Nebraska
Nicole9477, 39, male, 75 3rd Avenue, 82227, Mississippi
Sandra2658, 47, male, 89 Meadow Avenue, 15717, New Jersey
Susan4157, 47, male, 61 North Avenue, 48558, Utah
Susan6580, 28, male, 44 North Avenue, 53377, New York
Helen7032, 33, male, 8 Hillside Avenue, 96357, Alaska
Mark7084, 66, male, 80 Redwood Avenue, 72065, Mississippi
Robert318, 18, male, 21 3rd Avenue, 88500, New Jersey
Damian4601, 61, male, 66 4th Avenue, 51706, South Carolina
Robert7933, 66, male, 78 South Avenue, 47223, Nevada
Becca1892, 43, male, 34 10th Avenue, 10571, Florida
Becca3155, 20, male, 6 Willow Avenue, 89776, Vermont
Anthony6475, 45, male, 7 North Avenue, 31255, Oklahoma
Linda8605, 41, male, 90 Sunset Avenue, 21830, Maine
Anthony4681, 20, male, 47 Ridge Avenue, 69799, Idaho
Linda3708, 23, male, 24 Park Avenue, 88326, Georgia
Mark2629, 63, male, 98 10th Avenue, 95045, Delaware
Karen6057, 43, male, 24 South Avenue, 40256, Louisiana
Nicole2176, 62, male, 80 Maple Avenue, 99818, Missouri
Mark1731, 40, male, 14 South Avenue, 43594, Georgia
Jason8102, 52, male, 25 1st Avenue, 1479, Tennessee
Steven7463, 58, male, 80 Park Avenue, 46654, Maine
Nicole9885, 46, male, 77 Jackson Avenue, 23657, South Carolina
Jennifer6863, 20, male, 95 8th Avenue, 5127, Oklahoma
Donna3769, 18, male, 12 North Avenue, 53257, Louisiana
Donald2698, 67, male, 21 Sunset Avenue, 91136, Virginia
John7692, 35, male, 59 8th Avenue, 15644, North Dakota
Betty7627, 31, male, 72 Apache Avenue, 47211, Rhode Island
Helen5215, 41, male, 31 9th Avenue, 50229, Montana
Donna7740, 27, male, 29 Evergreen Avenue, 61604, Iowa
Steven1923, 33, male, 13 Pine Avenue, 49017, Oklahoma
Steven8010, 21, male, 17 Lake Avenue, 60748, Mississippi
Laura1882, 31, male, 47 East Avenue, 45912, Alaska
Lisa9025, 19, male, 33 North Avenue, 39312, Wyoming
James625, 38, male, 68 Evergreen Avenue, 50274, Pennyslvania
Linda8491, 31, male, 66 Sunset Avenue, 8766, Oklahoma
Jason881, 21, male, 68 Elm Avenue, 94128, Massachusetts
Mary4266, 67, male, 84 2nd Avenue, 80623, Washingston
Jared592, 50, male, 49 Sunset Avenue, 71769, Montana
Michael6485, 18, male, 61 East Avenue, 91858, Washington D.C.
Donald5335, 39, male, 81 West Avenue, 41781, Alaska
Donald2340, 47, male, 45 Elm Avenue, 68649, Oklahoma
Laura3917, 61, male, 82 8th Avenue, 54975, Virginia
Damian5546, 18, male, 50 Meadow Avenue, 98426, Maryland
Helen1066, 58, male, 2 Ridge Avenue, 20887, Pennyslvania
Susan877, 64, male, 62 9th Avenue, 36837, Wyoming
Mary3084, 39, male, 70 Oak Avenue, 48675, Idaho
Mary2121, 22, male, 20 6th Avenue, 80748, New Jersey
Steven8576, 47, male, 60 8th Avenue, 32077, South Dakota
Jennifer2147, 52, male, 1 South Avenue, 37437, Michigan
Karen6133, 65, male, 88 Jackson Avenue, 50921, Alaska
Mary7464, 51, male, 32 Hillside Avenue, 39745, Illinois
Helen1232, 38, male, 38 7th Avenue, 76856, Nevada
Laura6857, 66, male, 1 10th Avenue, 90050, Washingston
Laura1969, 32, male, 43 9th Avenue, 48279, Connecticut
Susan8321, 58, male, 1 Pine Avenue, 92900, Connecticut
Mary2622, 44, male, 70 East Avenue, 49569, Nevada
Steven3474, 41, male, 44 4th Avenue, 62193, Wisconsin
Susan911, 49, male, 5 Evergreen Avenue, 80623, Wyoming
Mark5243, 24, male, 4 Maple Avenue, 81582, California
Lisa5246, 48, male, 73 Willow Avenue, 37026, Connecticut
Linda8782, 61, male, 35 9th Avenue, 74725, Rhode Island
Jennifer8528, 33, male, 14 2nd Avenue, 7430, Texas
Mark7925, 41, male, 48 Sunset Avenue, 29684, Hawaii
James989, 34, male, 41 Sunset Avenue, 27327, Vermont
John6007, 56, male, 19 Apache Avenue, 99833, Georgia
Michael3046, 23, male, 34 South Avenue, 91074, Connecticut
Jennifer9429, 32, male, 47 8th Avenue, 83221, Connecticut
Helen3525, 32, male, 5 Hillside Avenue, 84006, Kansas
James4818, 27, male, 18 Redwood Avenue, 12891, Wisconsin
James3425, 38, male, 63 East Avenue, 21106, Utah
Nicole6037, 60, male, 10 Pine Avenue, 4611, Virginia
Lisa4649, 28, male, 29 3rd Avenue, 2481, Delaware
Lisa102, 26, male, 33 North Avenue, 3610, Missouri
Jason9809, 52, male, 83 Jackson Avenue, 15342, Washington D.C.
Susan8998, 50, male, 86 Sunset Avenue, 45726, North Dakota
Donald8065, 51, male, 41 8th Avenue, 48390, New Hampshire
Jared2094, 34, male, 3 Meadow Avenue, 28573, Louisiana
Ronald6692, 31, male, 11 Main Avenue, 9523, Montana
Damian2856, 38, male, 56 4th Avenue, 9293, Florida
Becca3781, 34, male, 78 East Avenue, 68850, Oregon
Betty3538, 33, male, 44 10th Avenue, 67019, Delaware
Mark7408, 29, male, 29 Sunset Avenue, 10411, Connecticut
Steven1345, 53, male, 91 7th Avenue, 41106, Illinois
Michael6027, 60, male, 62 9th Avenue, 62527, Utah
Donna614, 55, male, 31 Pine Avenue, 90525, Tennessee
Lisa2230, 59, male, 24 North Avenue, 8125, Maryland
Sarah3181, 26, male, 5 8th Avenue, 55523, Utah
James669, 36, male, 33 Pine Avenue, 60421, Washington D.C.
Sarah2024, 36, male, 61 Meadow Avenue, 36999, Hawaii
Donna3584, 43, male, 97 Meadow Avenue, 47245, Kentucky
Jennifer9141, 40, male, 25 6th Avenue, 73386, Georgia
Anthony3059, 64, male, 16 2nd Avenue, 23609, Texas
Nicole8388, 38, male, 68 Elm Avenue, 17435, Montana
Damian5237, 19, male, 15 Willow Avenue, 26821, Rhode Island
Jennifer6374, 21, male, 99 East Avenue, 96101, Iowa
Mary8115, 64, male, 37 1st Avenue, 60667, Kentucky
Jennifer1336, 28, male, 15 3rd Avenue, 81393, Missouri
Becca7153, 51, male, 9 Elm Avenue, 32305, Colorado
Linda9721, 49, male, 46 Apache Avenue, 48334, Missouri
Mark7074, 65, male, 57 4th Avenue, 13463, South Carolina
Donna1691, 24, male, 42 3rd Avenue, 61119, Alaska
Susan5287, 54, male, 22 Oak Avenue, 71937, Indiana
Michael6219, 66, male, 53 Evergreen Avenue, 50438, Illinois
Jason2808, 54, male, 5 Sunset Avenue, 61138, Kentucky
Mark692, 48, male, 9 5th Avenue, 86427, Vermont
Nicole1528, 44, male, 5 3rd Avenue, 34849, Minnesota
Donald3539, 44, male, 13 2nd Avenue, 23933, Illinois
Mark9248, 28, male, 29 Maple Avenue, 69033, Alaska
Michael6177, 59, male, 28 Sunset Avenue, 13917, Idaho
Anthony9020, 48, male, 55 1st Avenue, 83189, Michigan
Helen5094, 58, male, 57 3rd Avenue, 30344, West Virginia
John1089, 34, male, 73 Elm Avenue, 90384, Louisiana
Michael3048, 32, male, 27 9th Avenue, 98855, Alaska
Michael615, 54, male, 58 6th Avenue, 46887, South Dakota
Donald2611, 23, male, 16 Sunset Avenue, 49937, West Virginia
Robert9179, 58, male, 66 8th Avenue, 32115, Vermont
Sarah6107, 18, male, 99 West Avenue, 95802, New Mexico
Becca5455, 25, male, 37 Maple Avenue, 22288, Maryland
Donald9991, 55, male, 70 4th Avenue, 65557, Nebraska
Becca6718, 43, male, 67 Ridge Avenue, 54324, New Hampshire
Linda150, 30, male, 21 Sunset Avenue, 5872, Colorado
Robert5540, 42, male, 33 9th Avenue, 22438, Nebraska
Karen8963, 66, male, 67 Redwood Avenue, 51872, Delaware
Jared9955, 19, male, 2 Apache Avenue, 27542, Texas
Betty8943, 60, male, 27 Evergreen Avenue, 97494, Washingston
Sandra818, 18, male, 62 East Avenue, 30153, Connecticut
Robert5869, 44, male, 74 4th Avenue, 42964, Pennyslvania
Lisa2878, 62, male, 8 Birch Avenue, 85979, Rhode Island
Sandra2986, 23, male, 89 Meadow Avenue, 31911, Oregon
Donna3161, 55, male, 94 6th Avenue, 10791, Louisiana
Becca8478, 22, male, 86 Birch Avenue, 79661, Louisiana
Anthony9335, 42, male, 23 7th Avenue, 42760, Oregon
John4554, 26, male, 14 8th Avenue, 47106, Missouri
Linda3624, 49, male, 6 9th Avenue, 47888, Colorado
Nicole9979, 55, male, 36 Jackson Avenue, 47335, Ohio
Helen5000, 29, male, 13 North Avenue, 49099, North Carolina
Michael7983, 38, male, 30 Lake Avenue, 63759, Wisconsin
Jennifer4735, 29, male, 99 8th Avenue, 66455, West Virginia
John7364, 62, male, 8 3rd Avenue, 47473, New Jersey
Mary4003, 22, male, 46 Willow Avenue, 55309, Illinois
Jared810, 26, male, 86 5th Avenue, 59003, Arizona
Betty9293, 53, male, 7 4th Avenue, 64028, Maine
Linda4520, 32, male, 52 Oak Avenue, 62161, Oklahoma
Lisa8437, 39, male, 10 9th Avenue, 41970, Wyoming
Ronald4408, 27, male, 46 1st Avenue, 26320, Mississippi
James3176, 31, male, 35 Meadow Avenue, 28533, Vermont
Helen5538, 57, male, 32 Willow Avenue, 73489, New Mexico
Jennifer162, 40, male, 23 8th Avenue, 2104, Alabama
Jennifer9455, 31, male, 91 Jackson Avenue, 82949, Georgia
Betty9690, 44, male, 81 10th Avenue, 37917, South Carolina
Steven7677, 46, male, 48 Evergreen Avenue, 88746, Washingston
Nicole7357, 47, male, 58 Meadow Avenue, 3499, Utah
Betty8970, 40, male, 52 10th Avenue, 969, New Hampshire
Jason2007, 31, male, 70 1st Avenue, 93002, Montana
Linda9070, 24, male, 20 North Avenue, 99477, Montana
John1517, 24, male, 12 6th Avenue, 1438, Idaho
Robert3993, 61, male, 68 Redwood Avenue, 62744, North Dakota
Susan4838, 51, male, 92 2nd Avenue, 88269, Arkansas
Karen3034, 52, male, 86 Willow Avenue, 7718, Indiana
Anthony5823, 63, male, 2 Ridge Avenue, 29580, New Hampshire
Anthony4977, 31, male, 84 Evergreen Avenue, 82172, Vermont
Damian2262, 32, male, 9 Sunset Avenue, 40946, South Dakota
Anthony1846, 50, male, 30 Birch Avenue, 19130, Minnesota
Becca6573, 49, male, 48 North Avenue, 65279, Iowa
Steven4638, 45, male, 61 Maple Avenue, 68704, Virginia
Lisa5955, 29, male, 10 Willow Avenue, 90882, Hawaii
Jennifer7004, 25, male, 31 4th Avenue, 18657, Montana
Sandra8279, 51, male, 58 7th Avenue, 38497, Kansas
Donna5999, 43, male, 16 Pine Avenue, 99645, Virginia
Sandra9447, 41, male, 62 Park Avenue, 78417, Iowa
Steven6432, 63, male, 7 South Avenue, 42015, Wisconsin
Betty2437, 42, male, 4 Pine Avenue, 70157, Arizona
Donald6049, 34, male, 20 Maple Avenue, 29249, California
Steven1238, 18, male, 32 East Avenue, 73049, Oregon
Linda1616, 35, male, 82 2nd Avenue, 80981, New Hampshire
Karen4394, 39, male, 8 Meadow Avenue, 7805, Louisiana
Jared4211, 67, male, 25 Lake Avenue, 21217, Missouri
James1335, 49, male, 37 10th Avenue, 13220, Montana
Sandra7950, 28, male, 86 4th Avenue, 43343, West Virginia
Karen2865, 63, male, 23 Hillside Avenue, 51555, Michigan
Mark683, 28, male, 22 Hillside Avenue, 94240, Oklahoma
Helen2921, 32, male, 91 Elm Avenue, 44349, Michigan
James7915, 21, male, 24 Evergreen Avenue, 9748, Pennyslvania
James2870, 31, male, 56 10th Avenue, 67764, Georgia
Robert772, 46, male, 12 Meadow Avenue, 5650, Oklahoma
James3655, 58, male, 13 3rd Avenue, 29166, Indiana
Steven1007, 48, male, 6 Redwood Avenue, 72253, Hawaii
Helen6560, 34, male, 67 East Avenue, 9678, New Hampshire
Ronald7562, 58, male, 20 Pine Avenue, 3186, Maine
Jennifer3928, 30, male, 58 Maple Avenue, 6821, North Dakota
Susan1305, 54, male, 95 Elm Avenue, 54163, Ohio
Becca9052, 60, male, 64 West Avenue, 31148, Connecticut
Anthony6923, 41, male, 16 Elm Avenue, 14594, Maine
Steven9349, 36, male, 53 Evergreen Avenue, 16615, Nebraska
James7087, 19, male, 91 Evergreen Avenue, 66941, Utah
Donna4634, 40, male, 48 8th Avenue, 77230, Utah
James5357, 45, male, 35 Pine Avenue, 89649, Maine
Anthony4181, 36, male, 92 Park Avenue, 89826, Iowa
Karen2652, 65, male, 66 Pine Avenue, 87413, Virginia
Laura1056, 22, male, 19 6th Avenue, 30492, Wisconsin
Lisa7971, 33, male, 83 10th Avenue, 46950, North Dakota
Karen7678, 30, male, 78 South Avenue, 72862, Iowa
Jennifer8519, 25, male, 35 Sunset Avenue, 62733, Indiana
Steven3413, 22, male, 9 7th Avenue, 23324, Wyoming
Donald6602, 25, male, 87 West Avenue, 48300, Illinois
Donna7856, 28, male, 4 Hillside Avenue, 54789, South Dakota
Jennifer7369, 66, male, 94 Evergreen Avenue, 63269, Ohio
Donald5614, 40, male, 4 Jackson Avenue, 19395, Rhode Island
Donna9296, 41, male, 61 Ridge Avenue, 76554, Maryland
John3590, 43, male, 10 Oak Avenue, 11279, Delaware
Jason7794, 24, male, 56 Redwood Avenue, 37252, Tennessee
John1329, 24, male, 58 Willow Avenue, 37669, Rhode Island
Donna7960, 57, male, 38 1st Avenue, 70508, Colorado
Jason6506, 47, male, 75 2nd Avenue, 22264, Pennyslvania
Donna3801, 30, male, 91 7th Avenue, 82946, Vermont
Jennifer388, 51, male, 78 1st Avenue, 5947, Utah
Michael656, 38, male, 37 5th Avenue, 67767, New Mexico
Mark8252, 64, male, 100 Lake Avenue, 82192, Tennessee
Mark972, 24, male, 4 Apache Avenue, 70931, Montana
Mark3284, 18, male, 41 Ridge Avenue, 83322, North Dakota
Sandra9621, 46, male, 81 West Avenue, 83761, South Carolina
Becca3256, 63, male, 79 Birch Avenue, 51442, Wisconsin
Mark3840, 64, male, 94 1st Avenue, 81583, Hawaii
Jason6339, 48, male, 85 Redwood Avenue, 92134, Florida
Becca1518, 27, male, 96 West Avenue, 81505, Maine
Anthony1934, 42, male, 52 Ridge Avenue, 53805, Tennessee
Anthony312, 43, male, 3 Willow Avenue, 4046, Kentucky
Robert3970, 45, male, 86 Sunset Avenue, 23700, Georgia
Robert7538, 30, male, 74 Apache Avenue, 90438, Indiana
Donald8169, 58, male, 36 6th Avenue, 18936, Indiana
Steven9038, 19, male, 10 Redwood Avenue, 48900, Texas
Linda6484, 38, male, 10 Birch Avenue, 27987, Kansas
Mary5697, 18, male, 85 Evergreen Avenue, 30072, Idaho
Becca7389, 47, male, 6 2nd Avenue, 8530, West Virginia
Donald7728, 66, male, 53 1st Avenue, 79136, Florida
Mark6661, 29, male, 79 7th Avenue, 98074, Mississippi
Susan9988, 28, male, 15 Oak Avenue, 82272, Pennyslvania
Betty5047, 53, male, 69 Lake Avenue, 30763, Illinois
Steven9901, 34, male, 10 Lake Avenue, 83438, Iowa
Betty2623, 62, male, 15 8th Avenue, 2239, Oklahoma
Karen3146, 41, male, 91 Birch Avenue, 30309, New Jersey
Jennifer6266, 30, male, 91 Evergreen Avenue, 45876, Missouri
Mary534, 58, male, 25 Willow Avenue, 67457, New Jersey
Linda9048, 55, male, 2 Park Avenue, 16356, North Dakota
Jennifer7639, 22, male, 45 Hillside Avenue, 52909, South Carolina
Lisa8759, 40, male, 27 Pine Avenue, 76158, Georgia
Lisa4960, 58, male, 72 Elm Avenue, 65333, Delaware
Robert4067, 63, male, 71 Sunset Avenue, 29573, West Virginia
Becca9236, 25, male, 40 2nd Avenue, 78502, Rhode Island
James9710, 19, male, 76 Apache Avenue, 58549, Michigan
Karen5444, 60, male, 23 Main Avenue, 25187, Vermont
Nicole7133, 55, male, 87 5th Avenue, 37296, Kentucky
Ronald1457, 57, male, 46 Birch Avenue, 66946, Missouri
Jason4067, 42, male, 35 South Avenue, 11432, New Hampshire
Michael6175, 66, male, 14 Jackson Avenue, 70609, Montana
Lisa6673, 42, male, 68 Ridge Avenue, 52408, Hawaii
Lisa3871, 39, male, 2 Jackson Avenue, 71947, Wisconsin
Ronald8931, 36, male, 16 8th Avenue, 71079, Arizona
Ronald8054, 40, male, 7 1st Avenue, 95690, Arizona
Damian8127, 41, male, 91 Willow Avenue, 92310, Wyoming
Linda3114, 39, male, 25 10th Avenue, 51153, Alaska
Susan5926, 32, male, 4 Oak Avenue, 99441, Nevada
Anthony1742, 22, male, 15 Lake Avenue, 78992, West Virginia
Steven6295, 62, male, 20 South Avenue, 37390, Virginia
Becca5374, 35, male, 63 Redwood Avenue, 87610, California
Karen8041, 53, male, 38 8th Avenue, 36386, Mississippi
Sandra6085, 31, male, 64 10th Avenue, 17595, Wisconsin
Becca4004, 47, male, 33 Main Avenue, 28994, Louisiana
Jennifer1413, 49, male, 42 3rd Avenue, 71524, Montana
Susan5802, 25, male, 56 5th Avenue, 14308, Oregon
Michael380, 38, male, 78 Jackson Avenue, 14020, Nebraska
Linda4510, 57, male, 47 Meadow Avenue, 94056, Washington D.C.
Becca3033, 56, male, 28 South Avenue, 10178, Washington D.C.
Michael3009, 22, male, 76 3rd Avenue, 49895, New York
Jennifer9708, 33, male, 85 East Avenue, 50757, Washington D.C.
Susan5369, 46, male, 93 South Avenue, 35406, Utah
Laura456, 42, male, 51 Willow Avenue, 96267, North Carolina
Nicole4858, 48, male, 17 Maple Avenue, 30171, Louisiana
Michael9988, 44, male, 17 Lake Avenue, 65119, Louisiana
Jared4889, 59, male, 3 Sunset Avenue, 29268, Alabama
Becca5795, 41, male, 67 9th Avenue, 5524, Vermont
Betty4713, 28, male, 90 4th Avenue, 87798, Georgia
Sandra8321, 49, male, 40 Park Avenue, 76601, California
Betty6234, 58, male, 60 South Avenue, 57306, Alaska
Mary4821, 34, male, 43 8th Avenue, 56232, Vermont
Jennifer6096, 46, male, 16 Lake Avenue, 67246, Iowa
Damian4548, 39, male, 74 Jackson Avenue, 4840, Delaware
Sandra3040, 32, male, 84 6th Avenue, 19866, Wyoming
Jared6541, 35, male, 34 Hillside Avenue, 73778, Maine
Becca7715, 66, male, 6 Apache Avenue, 37285, Connecticut
Sarah622, 27, male, 69 Willow Avenue, 74632, Iowa
Robert9228, 66, male, 5 Hillside Avenue, 42419, Nebraska
Lisa3068, 55, male, 90 East Avenue, 34222, New York
John6827, 20, male, 100 8th Avenue, 67891, West Virginia
Michael4750, 49, male, 43 Sunset Avenue, 13567, Idaho
Ronald8882, 48, male, 78 8th Avenue, 73344, West Virginia
Donald8984, 51, male, 30 10th Avenue, 62816, West Virginia
James3903, 25, male, 85 Apache Avenue, 90655, New Mexico
Becca1356, 34, male, 75 Maple Avenue, 21391, Florida
Susan8089, 47, male, 19 Willow Avenue, 72074, Kansas
Jennifer5080, 61, male, 84 Main Avenue, 52134, Indiana
Anthony8853, 20, male, 53 7th Avenue, 70433, Oklahoma
Jason2090, 60, male, 25 Meadow Avenue, 64588, Pennyslvania
Laura8875, 38, male, 89 Apache Avenue, 70241, Idaho
Karen9216, 40, male, 97 Willow Avenue, 37434, New Mexico
Helen2137, 32, male, 78 Apache Avenue, 43724, Virginia
Linda2341, 46, male, 42 Park Avenue, 89679, Wyoming
Mary9171, 55, male, 21 7th Avenue, 60579, Illinois
Susan5871, 37, male, 56 West Avenue, 68537, Massachusetts
Mary7064, 29, male, 22 Sunset Avenue, 34680, Kansas
Betty4748, 22, male, 5 Evergreen Avenue, 60579, Arkansas
Robert5570, 22, male, 33 Birch Avenue, 86323, Idaho
Sandra6405, 36, male, 44 Apache Avenue, 84541, Ohio
Sandra7094, 24, male, 65 10th Avenue, 34173, Kansas
Sarah7486, 36, male, 36 West Avenue, 82435, Arkansas
Nicole9539, 52, male, 4 2nd Avenue, 99100, Rhode Island
Helen2144, 58, male, 82 4th Avenue, 92033, Massachusetts
John2893, 48, male, 68 Sunset Avenue, 88454, Mississippi
Steven7807, 30, male, 51 6th Avenue, 5774, Indiana
Robert5116, 33, male, 42 Redwood Avenue, 41298, North Dakota
Betty4294, 25, male, 24 South Avenue, 44342, South Dakota
Anthony8138, 65, male, 87 Ridge Avenue, 3607, Indiana
Jared1297, 56, male, 70 South Avenue, 30891, North Dakota
Linda6591, 31, male, 8 4th Avenue, 22657, Oklahoma
Karen3202, 27, male, 11 Jackson Avenue, 60606, Maine
Helen6307, 46, male, 66 10th Avenue, 86308, Arizona
Susan673, 53, male, 78 South Avenue, 8303, Wisconsin
Jennifer4403, 49, male, 24 Maple Avenue, 63158, Idaho
Robert3907, 27, male, 20 7th Avenue, 64403, Washington D.C.
Karen3314, 48, male, 54 Sunset Avenue, 12857, Utah
John2520, 54, male, 12 Ridge Avenue, 18535, Maine
Robert6765, 29, male, 14 Park Avenue, 16780, Wyoming
Michael5045, 58, male, 37 Ridge Avenue, 24456, Kansas
Becca1812, 45, male, 99 6th Avenue, 98177, Oregon
Linda8513, 52, male, 94 Willow Avenue, 43631, Illinois
Helen2518, 35, male, 51 Evergreen Avenue, 6348, Montana
Robert8558, 23, male, 44 Elm Avenue, 20154, Oklahoma
Betty1822, 66, male, 6 Evergreen Avenue, 67928, Arkansas
Susan2127, 37, male, 83 Ridge Avenue, 83705, Arizona
Helen3099, 67, male, 88 West Avenue, 80173, Montana
Susan2129, 45, male, 91 Maple Avenue, 50826, Vermont
Mary3290, 50, male, 51 Redwood Avenue, 20789, Nebraska
Donald7999, 39, male, 29 4th Avenue, 54215, Oklahoma
Betty4265, 63, male, 70 8th Avenue, 60172, Rhode Island
Ronald9032, 27, male, 42 10th Avenue, 37368, Alabama
Helen8570, 51, male, 90 Main Avenue, 8513, Arizona
Donna8523, 24, male, 20 Sunset Avenue, 42460, Mississippi
